Date,HomeTeam,AwayTeam,FTHG,FTAG,FTR,HTHG,HTAG,HTR,HS,AS,HST,AST,HF,AF,HC,AC,HY,AY,HR,AR,HomeRating,AwayRating,Difference,PhomeRating,PawayRating,CorrPred,h1,h2,h3,h4,h5,h6,a1,a2,a3,a4,a5,a6
13/08/16,Burnley,Swansea,0,1,A,0,0,D,10,17,3,9,10,14,7,4,3,2,0,0,20,20,0.2,19.88,20.12,0,0,0,0,0,0,0,0,0,0,0,0,0
13/08/16,Crystal Palace,West Brom,0,1,A,0,0,D,14,13,4,3,12,15,3,6,2,2,0,0,20,20,0.2,19.88,20.12,0,0,0,0,0,0,0,0,0,0,0,0,0
13/08/16,Everton,Tottenham,1,1,D,1,0,H,12,13,6,4,10,14,5,6,0,0,0,0,20,20,0.2,19.98,20.02,0,0,0,0,0,0,0,0,0,0,0,0,0
13/08/16,Hull,Leicester,2,1,H,1,0,H,14,18,5,5,8,17,5,3,2,2,0,0,20,20,0.2,20.08,19.92,1,0,0,0,0,0,0,0,0,0,0,0,0
13/08/16,Man City,Sunderland,2,1,H,1,0,H,16,7,4,3,11,14,9,6,1,2,0,0,20,20,0.2,20.08,19.92,1,0,0,0,0,0,0,0,0,0,0,0,0
13/08/16,Middlesbrough,Stoke,1,1,D,1,0,H,12,12,2,1,18,14,9,6,3,5,0,0,20,20,0.2,19.98,20.02,0,0,0,0,0,0,0,0,0,0,0,0,0
13/08/16,Southampton,Watford,1,1,D,0,1,A,24,5,6,1,8,12,6,2,1,2,0,1,20,20,0.2,19.98,20.02,0,0,0,0,0,0,0,0,0,0,0,0,0
14/08/16,Arsenal,Liverpool,3,4,A,1,1,D,9,16,5,7,13,17,5,4,3,3,0,0,20,20,0.2,19.88,20.12,0,0,0,0,0,0,0,0,0,0,0,0,0
14/08/16,Bournemouth,Man United,1,3,A,0,1,A,9,11,3,7,7,10,4,2,0,1,0,0,20,20,0.2,19.78,20.22,0,0,0,0,0,0,0,0,0,0,0,0,0
15/08/16,Chelsea,West Ham,2,1,H,0,0,D,16,7,6,3,16,16,7,1,5,2,0,0,20,20,0.2,20.08,19.92,1,0,0,0,0,0,0,0,0,0,0,0,0
19/08/16,Man United,Southampton,2,0,H,1,0,H,12,13,5,1,11,8,4,0,0,0,0,0,20.22,19.98,0.44,20.38,19.82,1,20.22,40.00,0,0,0,0,19.98,40.00,0,0,0,0
20/08/16,Burnley,Liverpool,2,0,H,2,0,H,3,26,2,5,14,5,1,12,0,1,0,0,19.88,20.12,-0.04,20.08,19.92,0,40.00,40.00,0,0,0,0,40.00,20.12,0,0,0,0
20/08/16,Leicester,Arsenal,0,0,D,0,0,D,8,13,1,4,11,7,2,7,1,2,0,0,19.92,19.88,0.24,19.90,19.90,0,40.00,40.00,0,0,0,0,40.00,19.88,0,0,0,0
20/08/16,Stoke,Man City,1,4,A,0,2,A,8,12,3,6,12,13,7,7,3,4,0,0,20.02,20.08,0.14,19.71,20.39,0,40.00,40.00,0,0,0,0,40.00,40.00,0,0,0,0
20/08/16,Swansea,Hull,0,2,A,0,0,D,13,12,3,4,7,10,8,3,0,0,0,0,20.12,20.08,0.24,19.90,20.30,0,40.00,40.00,0,0,0,0,40.00,40.00,0,0,0,0
20/08/16,Tottenham,Crystal Palace,1,0,H,0,0,D,20,10,5,2,19,9,10,4,3,3,0,0,20.02,19.88,0.34,20.09,19.81,1,40.00,40.00,0,0,0,0,40.00,40.00,0,0,0,0
20/08/16,Watford,Chelsea,1,2,A,0,0,D,6,13,2,4,20,10,0,5,4,3,0,0,20.02,20.08,0.14,19.91,20.19,0,40.00,40.00,0,0,0,0,40.00,20.08,0,0,0,0
20/08/16,West Brom,Everton,1,2,A,1,1,D,11,13,4,7,16,10,7,4,3,1,0,0,20.12,19.98,0.34,19.99,20.11,0,40.00,40.00,40.00,40.00,0,0,40.00,40.00,40.00,40.00,0,0
21/08/16,Sunderland,Middlesbrough,1,2,A,0,2,A,18,8,5,3,11,14,8,1,1,1,0,0,19.92,19.98,0.14,19.81,20.09,0,40.00,40.00,40.00,19.92,0,0,40.00,40.00,40.00,19.98,0,0
21/08/16,West Ham,Bournemouth,1,0,H,0,0,D,15,8,2,5,15,15,1,6,3,1,0,1,19.92,19.78,0.34,19.99,19.71,1,40.00,40.00,19.92,40.00,0,0,40.00,40.00,19.78,40.00,0,0
27/08/16,Chelsea,Burnley,3,0,H,2,0,H,22,6,10,0,6,9,9,5,2,2,0,0,20.19,20.08,0.31,20.46,19.82,1,40.00,20.19,20.08,40.00,0,0,40.00,40.00,20.08,40.00,0,0
27/08/16,Crystal Palace,Bournemouth,1,1,D,0,1,A,24,10,5,3,15,10,10,4,2,1,0,0,19.81,19.71,0.30,19.78,19.74,0,40.00,19.81,40.00,40.00,0,0,19.71,40.00,40.00,19.78,0,0
27/08/16,Everton,Stoke,1,0,H,0,0,D,21,8,9,1,14,11,9,2,2,1,0,0,20.11,19.71,0.61,20.15,19.67,1,40.00,20.11,40.00,40.00,0,0,40.00,40.00,19.71,40.00,0,0
27/08/16,Hull,Man United,0,1,A,0,0,D,8,29,2,9,9,6,1,6,2,3,0,0,20.30,20.38,0.13,20.19,20.49,0,40.00,40.00,20.30,40.00,0,0,40.00,40.00,40.00,20.38,0,0
27/08/16,Leicester,Swansea,2,1,H,1,0,H,13,9,6,3,14,10,4,6,2,2,0,0,19.90,19.90,0.20,19.98,19.82,1,40.00,40.00,40.00,19.90,40.00,19.92,40.00,40.00,19.90,40.00,40.00,40.00
27/08/16,Southampton,Sunderland,1,1,D,0,0,D,16,5,7,2,15,8,5,5,2,2,0,0,19.82,19.81,0.22,19.80,19.83,0,40.00,40.00,40.00,40.00,19.82,19.98,40.00,19.81,40.00,40.00,40.00,19.92
27/08/16,Tottenham,Liverpool,1,1,D,0,1,A,11,13,4,3,11,17,5,5,3,5,0,0,20.09,19.92,0.37,20.05,19.95,0,40.00,40.00,20.09,40.00,40.00,40.00,40.00,40.00,40.00,40.00,19.92,20.12
27/08/16,Watford,Arsenal,1,3,A,0,3,A,14,10,6,7,18,15,3,2,6,1,0,0,19.91,19.90,0.20,19.69,20.12,0,40.00,40.00,19.91,40.00,40.00,20.02,40.00,40.00,40.00,40.00,19.90,19.88
28/08/16,Man City,West Ham,3,1,H,2,0,H,22,9,5,2,5,10,5,4,1,3,0,0,20.39,19.99,0.61,20.53,19.85,1,40.00,40.00,40.00,40.00,20.39,40.00,40.00,40.00,19.99,40.00,40.00,19.92
28/08/16,West Brom,Middlesbrough,0,0,D,0,0,D,13,7,2,2,12,11,5,4,1,3,0,0,19.99,20.09,0.09,19.98,20.10,0,40.00,40.00,40.00,19.99,40.00,40.00,40.00,40.00,40.00,20.09,40.00,40.00
10/09/16,Arsenal,Southampton,2,1,H,1,1,D,17,11,2,5,10,8,6,1,2,5,0,0,20.12,19.80,0.52,20.17,19.75,1,20.12,40.00,40.00,40.00,40.00,19.90,40.00,19.80,40.00,40.00,40.00,19.82
10/09/16,Bournemouth,West Brom,1,0,H,0,0,D,12,12,5,2,9,11,10,5,1,3,0,0,19.74,19.98,-0.03,19.85,19.87,0,40.00,40.00,19.74,19.71,40.00,40.00,19.98,40.00,40.00,19.99,40.00,40.00
10/09/16,Burnley,Hull,1,1,D,0,0,D,13,11,2,3,13,3,5,9,2,0,0,0,19.82,20.19,-0.18,19.83,20.17,0,40.00,40.00,40.00,19.82,40.00,20.08,40.00,40.00,20.19,40.00,40.00,20.30
10/09/16,Liverpool,Leicester,4,1,H,2,1,H,17,12,11,3,4,8,1,7,1,2,0,0,19.95,19.98,0.18,20.24,19.69,1,40.00,19.95,40.00,40.00,40.00,40.00,40.00,40.00,19.98,40.00,40.00,19.90
10/09/16,Man United,Man City,1,2,A,1,2,A,14,18,3,6,15,10,4,4,4,2,0,0,20.49,20.53,0.16,20.37,20.65,0,40.00,40.00,40.00,20.49,40.00,40.00,40.00,20.53,40.00,40.00,40.00,20.39
10/09/16,Middlesbrough,Crystal Palace,1,2,A,1,1,D,12,12,4,4,5,9,6,6,1,2,0,0,20.10,19.78,0.52,19.95,19.94,0,40.00,20.10,40.00,40.00,20.09,40.00,40.00,40.00,40.00,19.78,40.00,19.81
10/09/16,Stoke,Tottenham,0,4,A,0,1,A,15,20,2,8,13,18,10,8,3,2,0,0,19.67,20.05,-0.18,19.29,20.43,1,40.00,40.00,40.00,19.67,40.00,40.00,40.00,40.00,20.05,40.00,40.00,20.09
10/09/16,West Ham,Watford,2,4,A,2,2,D,19,13,4,8,10,15,4,4,2,2,0,0,19.85,19.69,0.36,19.61,19.92,0,40.00,40.00,19.85,40.00,19.99,40.00,40.00,40.00,19.69,40.00,40.00,19.91
11/09/16,Swansea,Chelsea,2,2,D,0,1,A,6,28,2,7,17,8,1,11,3,4,0,0,19.82,20.46,-0.45,19.86,20.42,0,40.00,40.00,40.00,19.82,40.00,40.00,40.00,40.00,40.00,40.00,20.46,40.00
12/09/16,Sunderland,Everton,0,3,A,0,0,D,11,20,2,9,11,8,5,4,1,1,0,0,19.83,20.15,-0.13,19.54,20.44,1,40.00,40.00,40.00,19.83,40.00,19.81,40.00,40.00,40.00,40.00,20.15,40.00
16/09/16,Chelsea,Liverpool,1,2,A,0,2,A,12,13,4,5,6,13,6,4,1,1,0,0,20.42,20.24,0.38,20.28,20.37,0,20.42,40.00,40.00,40.00,40.00,20.46,40.00,20.24,40.00,19.95,40.00,40.00
17/09/16,Everton,Middlesbrough,3,1,H,3,1,H,11,7,6,0,5,15,6,3,2,1,0,0,20.44,19.95,0.69,20.57,19.82,1,20.44,40.00,40.00,40.00,40.00,20.15,40.00,19.95,40.00,20.10,40.00,40.00
17/09/16,Hull,Arsenal,1,4,A,0,1,A,6,24,2,9,9,12,2,4,0,2,1,0,20.17,20.17,0.20,19.85,20.49,0,40.00,40.00,20.17,40.00,40.00,20.19,40.00,40.00,40.00,20.17,20.12,40.00
17/09/16,Leicester,Burnley,3,0,H,1,0,H,14,7,6,2,10,9,7,1,0,1,0,0,19.69,19.83,0.06,19.99,19.54,1,40.00,40.00,19.69,40.00,40.00,19.98,40.00,40.00,19.83,40.00,40.00,40.00
17/09/16,Man City,Bournemouth,4,0,H,2,0,H,20,6,12,2,8,11,5,5,1,1,1,0,20.65,19.85,1.00,20.95,19.55,1,40.00,40.00,20.65,40.00,20.53,40.00,40.00,40.00,40.00,19.85,40.00,40.00
17/09/16,West Brom,West Ham,4,2,H,3,0,H,8,23,6,5,14,6,2,6,2,1,0,0,19.87,19.61,0.46,20.03,19.46,1,40.00,40.00,40.00,19.87,19.98,40.00,40.00,40.00,19.61,40.00,19.85,40.00
18/09/16,Crystal Palace,Stoke,4,1,H,2,0,H,14,11,8,4,15,9,10,5,2,1,0,0,19.94,19.29,0.85,20.15,19.07,1,40.00,40.00,40.00,19.94,40.00,40.00,40.00,40.00,19.29,40.00,40.00,40.00
18/09/16,Southampton,Swansea,1,0,H,0,0,D,19,9,6,3,14,9,7,1,1,1,0,0,19.75,19.86,0.09,19.85,19.77,1,40.00,40.00,40.00,40.00,19.75,40.00,40.00,40.00,19.86,40.00,40.00,40.00
18/09/16,Tottenham,Sunderland,1,0,H,0,0,D,31,6,9,2,7,16,14,1,1,5,0,1,20.43,19.54,1.09,20.42,19.55,1,40.00,40.00,40.00,20.43,40.00,40.00,40.00,40.00,19.54,40.00,40.00,40.00
18/09/16,Watford,Man United,3,1,H,1,0,H,10,15,5,2,14,19,5,7,3,4,0,0,19.92,20.37,-0.25,20.15,20.15,0,40.00,40.00,40.00,19.92,40.00,40.00,40.00,40.00,40.00,40.00,20.37,40.00
24/09/16,Arsenal,Chelsea,3,0,H,3,0,H,14,9,5,2,9,11,9,1,0,2,0,0,20.49,20.28,0.41,20.75,20.02,1,40.00,40.00,20.49,40.00,40.00,20.17,40.00,40.00,20.28,20.42,40.00,40.00
24/09/16,Bournemouth,Everton,1,0,H,1,0,H,12,13,1,2,10,14,5,3,2,2,0,0,19.55,20.57,-0.82,19.73,20.39,0,40.00,19.55,40.00,40.00,40.00,19.85,40.00,40.00,20.57,20.44,40.00,40.00
24/09/16,Liverpool,Hull,5,1,H,3,0,H,32,2,12,1,8,8,13,2,1,2,0,1,20.37,19.85,0.72,20.70,19.53,1,40.00,40.00,40.00,20.37,40.00,20.24,40.00,40.00,19.85,40.00,40.00,20.17
24/09/16,Man United,Leicester,4,1,H,4,0,H,16,10,7,3,9,12,8,6,0,2,0,0,20.15,19.99,0.36,20.41,19.72,1,40.00,20.15,40.00,40.00,40.00,20.37,40.00,40.00,19.99,40.00,40.00,19.69
24/09/16,Middlesbrough,Tottenham,1,2,A,0,2,A,6,19,2,5,14,9,2,10,2,1,0,0,19.82,20.42,-0.40,19.76,20.48,1,40.00,40.00,40.00,19.82,40.00,19.95,40.00,20.42,40.00,40.00,40.00,20.43
24/09/16,Stoke,West Brom,1,1,D,0,0,D,12,9,2,3,9,13,6,6,3,4,0,0,19.07,20.03,-0.76,19.15,19.95,0,40.00,40.00,19.07,40.00,40.00,19.29,40.00,40.00,20.03,40.00,40.00,40.00
24/09/16,Sunderland,Crystal Palace,2,3,A,1,0,H,11,20,4,4,15,12,3,5,0,2,0,0,19.55,20.15,-0.40,19.49,20.21,1,40.00,40.00,19.55,40.00,19.54,40.00,40.00,40.00,20.15,40.00,40.00,19.94
24/09/16,Swansea,Man City,1,3,A,1,1,D,13,18,5,4,15,9,2,7,2,4,0,0,19.77,20.95,-0.98,19.67,21.05,1,40.00,40.00,19.77,40.00,40.00,19.86,40.00,40.00,40.00,20.95,40.00,40.00
25/09/16,West Ham,Southampton,0,3,A,0,1,A,13,18,1,9,9,14,6,2,5,2,0,0,19.46,19.85,-0.19,19.18,20.13,1,40.00,40.00,40.00,19.46,40.00,19.61,40.00,40.00,19.85,40.00,40.00,40.00
26/09/16,Burnley,Watford,2,0,H,1,0,H,13,12,4,3,11,15,7,6,1,3,0,0,19.54,20.15,-0.41,19.78,19.91,0,40.00,40.00,40.00,40.00,19.54,40.00,40.00,40.00,20.15,40.00,40.00,40.00
30/09/16,Everton,Crystal Palace,1,1,D,1,0,H,13,10,3,2,16,11,10,9,5,4,0,0,20.39,20.21,0.38,20.35,20.25,0,40.00,40.00,20.39,40.00,40.00,20.57,40.00,20.21,40.00,20.15,40.00,40.00
01/10/16,Hull,Chelsea,0,2,A,0,0,D,8,22,3,9,13,15,5,7,2,2,0,0,19.53,20.02,-0.30,19.36,20.19,1,40.00,40.00,19.53,40.00,40.00,19.85,40.00,40.00,40.00,20.02,40.00,20.28
01/10/16,Sunderland,West Brom,1,1,D,0,1,A,7,17,2,7,7,13,6,5,1,3,0,0,19.49,19.95,-0.26,19.52,19.93,0,40.00,19.49,40.00,19.55,40.00,40.00,40.00,19.95,40.00,40.00,20.03,40.00
01/10/16,Swansea,Liverpool,1,2,A,1,0,H,8,18,3,6,11,9,3,10,2,2,0,0,19.67,20.70,-0.83,19.65,20.72,1,40.00,19.67,40.00,40.00,19.77,40.00,40.00,40.00,20.70,40.00,40.00,40.00
01/10/16,Watford,Bournemouth,2,2,D,0,1,A,17,11,7,2,17,12,4,5,3,4,0,0,19.91,19.73,0.38,19.87,19.77,0,40.00,19.91,40.00,40.00,20.15,40.00,40.00,40.00,40.00,19.73,40.00,19.55
01/10/16,West Ham,Middlesbrough,1,1,D,0,0,D,19,9,2,3,13,12,4,5,2,3,0,0,19.18,19.76,-0.38,19.21,19.72,0,40.00,19.18,40.00,40.00,40.00,19.46,40.00,40.00,19.76,40.00,40.00,40.00
02/10/16,Burnley,Arsenal,0,1,A,0,0,D,10,18,1,3,2,3,2,6,0,0,0,0,19.78,20.75,-0.77,19.76,20.77,1,40.00,19.78,40.00,40.00,40.00,40.00,40.00,40.00,40.00,40.00,20.75,40.00
02/10/16,Leicester,Southampton,0,0,D,0,0,D,9,11,1,5,9,9,3,6,1,0,0,0,19.72,20.13,-0.20,19.74,20.11,0,40.00,40.00,40.00,19.72,40.00,40.00,40.00,40.00,20.13,40.00,40.00,19.85
02/10/16,Man United,Stoke,1,1,D,0,0,D,24,7,9,6,14,9,13,2,3,0,0,0,20.41,19.15,1.47,20.27,19.29,0,40.00,40.00,40.00,40.00,20.41,20.15,40.00,40.00,40.00,19.15,40.00,40.00
02/10/16,Tottenham,Man City,2,0,H,2,0,H,13,12,7,6,20,10,4,3,2,2,0,0,20.48,21.05,-0.37,20.72,20.81,0,40.00,40.00,40.00,40.00,20.48,20.42,40.00,40.00,40.00,21.05,40.00,40.00
15/10/16,Arsenal,Swansea,3,2,H,2,1,H,16,13,6,6,7,10,5,6,0,1,1,0,20.77,19.65,1.32,20.74,19.68,1,40.00,20.77,40.00,40.00,40.00,20.75,40.00,19.65,40.00,19.67,40.00,40.00
15/10/16,Bournemouth,Hull,6,1,H,3,1,H,22,11,10,4,8,14,5,4,0,3,0,0,19.77,19.36,0.61,20.21,18.92,1,40.00,19.77,40.00,40.00,40.00,19.73,40.00,40.00,19.36,40.00,40.00,19.53
15/10/16,Chelsea,Leicester,3,0,H,2,0,H,16,5,6,0,6,12,8,5,1,1,0,0,20.19,19.74,0.65,20.43,19.51,1,40.00,40.00,40.00,20.19,40.00,40.00,40.00,19.74,40.00,40.00,40.00,19.72
15/10/16,Crystal Palace,West Ham,0,1,A,0,1,A,12,12,3,4,12,13,7,6,1,3,0,1,20.25,19.21,1.23,20.03,19.44,0,40.00,40.00,40.00,20.25,20.21,40.00,40.00,40.00,19.21,40.00,19.18,40.00
15/10/16,Man City,Everton,1,1,D,0,0,D,19,3,8,2,7,9,13,1,0,2,0,0,20.81,20.35,0.66,20.75,20.42,0,40.00,20.81,40.00,40.00,21.05,40.00,40.00,40.00,40.00,20.35,40.00,40.00
15/10/16,Stoke,Sunderland,2,0,H,2,0,H,18,11,6,1,10,13,6,4,1,1,0,0,19.29,19.52,-0.02,19.49,19.31,0,40.00,19.29,40.00,40.00,40.00,19.15,40.00,40.00,40.00,19.52,40.00,19.49
15/10/16,West Brom,Tottenham,1,1,D,0,0,D,8,20,4,8,14,10,5,8,2,2,0,0,19.93,20.72,-0.59,19.98,20.66,0,40.00,40.00,40.00,19.93,40.00,19.95,40.00,20.72,40.00,40.00,40.00,40.00
16/10/16,Middlesbrough,Watford,0,1,A,0,0,D,10,4,3,2,15,10,4,6,4,1,0,0,19.72,19.87,0.05,19.62,19.97,0,40.00,40.00,40.00,19.72,40.00,40.00,40.00,40.00,40.00,19.87,40.00,19.91
16/10/16,Southampton,Burnley,3,1,H,0,0,D,34,6,14,1,11,10,8,4,1,2,0,0,20.11,19.76,0.55,20.25,19.61,1,40.00,40.00,40.00,20.11,40.00,20.13,40.00,40.00,40.00,19.76,40.00,19.78
17/10/16,Liverpool,Man United,0,0,D,0,0,D,9,7,3,1,14,20,3,1,0,4,0,0,20.72,20.27,0.65,20.65,20.33,0,40.00,40.00,40.00,40.00,20.72,40.00,40.00,40.00,20.27,40.00,40.00,40.00
22/10/16,Arsenal,Middlesbrough,0,0,D,0,0,D,9,11,5,4,6,13,8,3,1,0,0,0,20.74,19.62,1.32,20.61,19.75,0,40.00,40.00,20.74,20.77,40.00,40.00,19.62,40.00,40.00,40.00,19.72,40.00
22/10/16,Bournemouth,Tottenham,0,0,D,0,0,D,8,16,1,4,10,15,7,4,2,4,0,0,20.21,20.66,-0.25,20.23,20.63,0,40.00,40.00,20.21,40.00,19.77,40.00,40.00,20.66,40.00,20.72,40.00,40.00
22/10/16,Burnley,Everton,2,1,H,1,0,H,9,20,3,8,16,15,2,8,2,3,0,0,19.61,20.42,-0.61,19.77,20.26,0,40.00,19.61,40.00,40.00,19.76,40.00,40.00,40.00,20.42,40.00,40.00,40.00
22/10/16,Hull,Stoke,0,2,A,0,1,A,9,12,2,6,16,8,5,7,2,3,0,0,18.92,19.49,-0.38,18.75,19.66,1,40.00,40.00,40.00,18.92,40.00,40.00,40.00,40.00,19.49,40.00,19.29,40.00
22/10/16,Leicester,Crystal Palace,3,1,H,1,0,H,17,23,4,7,10,8,8,8,0,0,0,0,19.51,20.03,-0.32,19.74,19.79,0,40.00,40.00,40.00,19.51,19.74,40.00,40.00,40.00,20.03,40.00,40.00,40.00
22/10/16,Liverpool,West Brom,2,1,H,2,0,H,21,6,7,1,9,13,3,2,1,3,0,0,20.65,19.98,0.87,20.67,19.97,1,40.00,20.65,40.00,40.00,40.00,40.00,40.00,40.00,19.98,40.00,40.00,40.00
22/10/16,Swansea,Watford,0,0,D,0,0,D,11,10,5,2,15,16,7,2,2,1,0,0,19.68,19.97,-0.09,19.69,19.96,0,40.00,40.00,40.00,40.00,19.68,40.00,40.00,40.00,19.97,40.00,40.00,40.00
22/10/16,West Ham,Sunderland,1,0,H,0,0,D,20,10,3,2,10,13,6,2,2,5,0,0,19.44,19.31,0.32,19.51,19.25,1,40.00,40.00,40.00,19.44,40.00,40.00,40.00,40.00,40.00,19.31,40.00,40.00
23/10/16,Chelsea,Man United,4,0,H,2,0,H,14,16,6,5,7,17,5,7,3,2,0,0,20.43,20.33,0.30,20.80,19.96,1,40.00,40.00,40.00,40.00,20.43,40.00,40.00,40.00,20.33,40.00,40.00,20.27
23/10/16,Man City,Southampton,1,1,D,0,1,A,14,6,3,2,11,10,10,3,3,3,0,0,20.75,20.25,0.70,20.68,20.32,0,40.00,40.00,40.00,40.00,20.75,20.81,40.00,40.00,20.25,40.00,40.00,40.00
29/10/16,Crystal Palace,Liverpool,2,4,A,2,3,A,7,17,6,10,15,5,3,3,1,2,0,0,19.79,20.67,-0.67,19.66,20.80,1,40.00,19.79,40.00,40.00,20.03,40.00,40.00,20.67,20.65,40.00,40.00,40.00
29/10/16,Man United,Burnley,0,0,D,0,0,D,37,7,11,1,12,9,19,1,1,3,1,0,19.96,19.77,0.39,19.92,19.81,0,19.96,40.00,40.00,20.33,40.00,40.00,40.00,40.00,19.77,19.61,40.00,40.00
29/10/16,Middlesbrough,Bournemouth,2,0,H,1,0,H,10,15,3,3,3,5,4,7,1,1,0,0,19.75,20.23,-0.28,19.98,20.00,0,40.00,40.00,40.00,19.75,19.62,40.00,40.00,40.00,20.23,40.00,40.00,20.21
29/10/16,Sunderland,Arsenal,1,4,A,0,1,A,3,21,1,7,9,13,0,8,4,3,0,0,19.25,20.61,-1.16,19.06,20.79,1,40.00,19.25,40.00,40.00,40.00,19.31,40.00,40.00,40.00,20.61,40.00,40.00
29/10/16,Tottenham,Leicester,1,1,D,1,0,H,22,6,5,1,11,20,8,1,3,4,0,0,20.63,19.74,1.09,20.52,19.85,0,40.00,40.00,40.00,20.63,40.00,20.66,40.00,40.00,19.74,40.00,40.00,40.00
29/10/16,Watford,Hull,1,0,H,0,0,D,22,8,0,2,13,8,7,2,1,2,0,0,19.96,18.75,1.41,19.92,18.80,1,40.00,40.00,19.96,40.00,40.00,19.97,40.00,40.00,40.00,18.75,40.00,40.00
29/10/16,West Brom,Man City,0,4,A,0,2,A,9,21,1,8,17,10,1,7,4,3,0,0,19.97,20.68,-0.51,19.62,21.03,1,40.00,40.00,40.00,19.97,40.00,19.98,40.00,20.68,40.00,40.00,40.00,40.00
30/10/16,Everton,West Ham,2,0,H,0,0,D,17,13,6,3,15,12,8,8,2,3,0,0,20.26,19.51,0.95,20.36,19.40,1,40.00,40.00,40.00,40.00,20.26,40.00,40.00,40.00,19.51,40.00,40.00,40.00
30/10/16,Southampton,Chelsea,0,2,A,0,1,A,9,13,1,7,13,16,7,3,0,0,0,0,20.32,20.80,-0.28,20.15,20.97,1,40.00,40.00,20.32,40.00,40.00,20.25,40.00,40.00,20.80,40.00,40.00,40.00
31/10/16,Stoke,Swansea,3,1,H,1,1,D,17,14,4,6,7,14,6,4,2,0,0,0,19.66,19.69,0.16,19.84,19.51,1,40.00,40.00,40.00,40.00,19.66,40.00,40.00,40.00,40.00,19.69,40.00,40.00
05/11/16,Bournemouth,Sunderland,1,2,A,1,1,D,22,9,7,4,14,17,12,2,3,2,0,1,20.00,19.06,1.14,19.79,19.28,0,40.00,40.00,20.00,40.00,40.00,20.23,40.00,19.06,40.00,19.25,40.00,40.00
05/11/16,Burnley,Crystal Palace,3,2,H,2,0,H,14,16,7,5,11,12,4,7,1,2,0,0,19.81,19.66,0.35,19.88,19.60,1,40.00,40.00,19.81,40.00,40.00,19.77,40.00,40.00,19.66,40.00,19.79,40.00
05/11/16,Chelsea,Everton,5,0,H,3,0,H,21,1,9,0,5,16,4,2,0,3,0,0,20.97,20.36,0.81,21.39,19.94,1,40.00,20.97,40.00,20.80,40.00,40.00,40.00,20.36,40.00,40.00,40.00,20.26
05/11/16,Man City,Middlesbrough,1,1,D,1,0,H,25,5,7,3,7,15,8,2,1,3,0,0,21.03,19.98,1.25,20.90,20.10,0,40.00,21.03,40.00,20.68,40.00,40.00,40.00,40.00,19.98,40.00,40.00,40.00
05/11/16,West Ham,Stoke,1,1,D,0,0,D,9,12,2,4,11,10,6,4,4,1,0,0,19.40,19.84,-0.24,19.42,19.82,0,40.00,19.40,40.00,40.00,19.51,40.00,40.00,19.84,40.00,40.00,40.00,19.66
06/11/16,Arsenal,Tottenham,1,1,D,1,0,H,15,10,2,3,11,17,7,2,1,2,0,0,20.79,20.52,0.47,20.75,20.57,0,40.00,40.00,40.00,20.79,40.00,40.00,40.00,40.00,20.52,40.00,40.00,40.00
06/11/16,Hull,Southampton,2,1,H,0,1,A,6,19,2,7,13,15,1,10,0,5,0,0,18.80,20.15,-1.15,19.01,19.93,0,40.00,40.00,40.00,18.80,40.00,40.00,40.00,40.00,20.15,40.00,20.32,40.00
06/11/16,Leicester,West Brom,1,2,A,0,0,D,5,11,2,5,8,8,5,6,0,2,0,0,19.85,19.62,0.43,19.71,19.76,0,40.00,40.00,40.00,19.85,40.00,40.00,40.00,40.00,19.62,40.00,40.00,40.00
06/11/16,Liverpool,Watford,6,1,H,3,0,H,28,11,17,8,14,10,6,3,1,2,0,0,20.80,19.92,1.08,21.19,19.53,1,40.00,40.00,40.00,40.00,40.00,20.80,40.00,40.00,40.00,19.92,40.00,40.00
06/11/16,Swansea,Man United,1,3,A,0,3,A,6,9,1,3,9,16,2,0,0,2,0,0,19.51,19.92,-0.21,19.33,20.10,1,40.00,40.00,19.51,40.00,40.00,40.00,40.00,40.00,40.00,40.00,19.92,19.96
19/11/16,Crystal Palace,Man City,1,2,A,0,1,A,9,10,2,4,12,15,2,7,1,2,0,0,19.60,20.90,-1.11,19.61,20.89,1,40.00,40.00,19.60,40.00,40.00,19.66,40.00,20.90,40.00,21.03,40.00,20.68
19/11/16,Everton,Swansea,1,1,D,0,1,A,14,5,6,3,13,12,10,3,4,2,0,0,19.94,19.33,0.81,19.86,19.41,0,40.00,40.00,19.94,20.36,40.00,40.00,19.33,40.00,40.00,19.51,40.00,40.00
19/11/16,Man United,Arsenal,1,1,D,0,0,D,12,5,5,1,14,11,10,4,3,3,0,0,20.10,20.75,-0.45,20.14,20.70,0,20.10,40.00,40.00,40.00,40.00,19.92,40.00,20.75,40.00,40.00,40.00,20.79
19/11/16,Southampton,Liverpool,0,0,D,0,0,D,3,15,0,2,8,11,1,8,1,1,0,0,19.93,21.19,-1.06,20.04,21.09,0,40.00,19.93,40.00,40.00,20.15,40.00,40.00,21.19,40.00,40.00,40.00,40.00
19/11/16,Stoke,Bournemouth,0,1,A,0,1,A,14,9,6,2,17,10,3,4,3,2,0,0,19.82,19.79,0.23,19.69,19.91,0,40.00,40.00,19.82,40.00,19.84,40.00,40.00,40.00,40.00,19.79,40.00,40.00
19/11/16,Sunderland,Hull,3,0,H,1,0,H,11,17,4,7,9,8,2,8,1,0,1,0,19.28,19.01,0.47,19.53,18.76,1,40.00,40.00,40.00,40.00,19.28,40.00,40.00,40.00,19.01,40.00,40.00,18.80
19/11/16,Tottenham,West Ham,3,2,H,0,1,A,14,11,6,3,13,16,4,5,3,2,0,1,20.57,19.42,1.35,20.54,19.46,1,40.00,40.00,40.00,20.57,40.00,40.00,40.00,40.00,40.00,19.42,40.00,19.40
19/11/16,Watford,Leicester,2,1,H,2,1,H,10,10,3,2,12,18,4,6,2,3,0,0,19.53,19.71,0.02,19.63,19.61,1,40.00,40.00,19.53,40.00,40.00,40.00,40.00,40.00,19.71,40.00,40.00,40.00
20/11/16,Middlesbrough,Chelsea,0,1,A,0,1,A,12,13,1,3,13,10,2,3,2,3,0,0,20.10,21.39,-1.09,20.11,21.38,1,40.00,40.00,40.00,40.00,20.10,40.00,40.00,40.00,40.00,40.00,21.39,20.97
21/11/16,West Brom,Burnley,4,0,H,3,0,H,16,5,6,2,12,12,4,3,0,0,0,0,19.76,19.88,0.09,20.16,19.48,1,40.00,40.00,40.00,19.76,40.00,40.00,40.00,40.00,40.00,40.00,19.88,40.00
26/11/16,Burnley,Man City,1,2,A,1,1,D,10,21,5,5,5,15,5,8,2,3,0,0,19.48,20.89,-1.21,19.51,20.87,1,19.48,40.00,40.00,40.00,40.00,19.88,40.00,40.00,20.89,40.00,20.90,40.00
26/11/16,Chelsea,Tottenham,2,1,H,1,1,D,9,12,5,6,13,16,3,8,2,1,0,0,21.38,20.54,1.04,21.38,20.54,1,21.38,40.00,40.00,40.00,40.00,21.39,40.00,20.54,40.00,40.00,20.57,40.00
26/11/16,Hull,West Brom,1,1,D,0,1,A,10,11,4,2,7,10,2,6,3,2,0,0,18.76,20.16,-1.20,18.88,20.04,0,40.00,18.76,40.00,40.00,19.01,40.00,20.16,40.00,40.00,40.00,19.76,40.00
26/11/16,Leicester,Middlesbrough,2,2,D,1,1,D,11,6,3,2,15,12,2,3,4,4,0,0,19.61,20.11,-0.30,19.64,20.08,0,40.00,19.61,40.00,40.00,19.71,40.00,40.00,20.11,40.00,40.00,40.00,20.10
26/11/16,Liverpool,Sunderland,2,0,H,0,0,D,27,6,7,1,5,9,9,4,1,3,0,0,21.09,19.53,1.76,21.11,19.51,1,40.00,40.00,40.00,21.09,21.19,40.00,40.00,40.00,19.53,40.00,40.00,40.00
26/11/16,Swansea,Crystal Palace,5,4,H,1,1,D,18,12,9,4,12,24,10,6,4,5,0,0,19.41,19.61,0.01,19.51,19.51,1,40.00,40.00,40.00,19.41,19.33,40.00,40.00,40.00,40.00,40.00,19.61,40.00
27/11/16,Arsenal,Bournemouth,3,1,H,1,1,D,16,9,3,3,12,13,3,10,3,5,0,0,20.70,19.91,0.99,20.80,19.81,1,40.00,40.00,40.00,20.70,40.00,20.75,40.00,40.00,40.00,19.91,40.00,40.00
27/11/16,Man United,West Ham,1,1,D,1,1,D,17,6,8,2,16,16,8,4,3,1,0,0,20.14,19.46,0.89,20.06,19.55,0,40.00,40.00,40.00,40.00,20.14,20.10,40.00,40.00,40.00,19.46,40.00,40.00
27/11/16,Southampton,Everton,1,0,H,1,0,H,17,13,7,1,11,15,5,2,0,2,0,0,20.04,19.86,0.38,20.10,19.80,1,40.00,40.00,40.00,40.00,20.04,40.00,40.00,40.00,40.00,40.00,19.86,40.00
27/11/16,Watford,Stoke,0,1,A,0,1,A,11,14,2,1,24,14,3,3,3,0,1,0,19.63,19.69,0.14,19.52,19.81,0,40.00,40.00,40.00,19.63,40.00,19.53,40.00,40.00,40.00,40.00,19.69,40.00
03/12/16,Crystal Palace,Southampton,3,0,H,2,0,H,9,17,4,3,11,13,4,9,3,1,0,0,19.51,20.10,-0.39,19.85,19.76,0,40.00,19.51,40.00,40.00,40.00,19.61,20.10,40.00,40.00,40.00,20.04,40.00
03/12/16,Man City,Chelsea,1,3,A,1,0,H,14,10,5,4,14,9,9,2,2,3,2,0,20.87,21.38,-0.30,20.70,21.55,1,40.00,40.00,40.00,20.87,40.00,20.89,40.00,40.00,21.38,21.38,40.00,40.00
03/12/16,Stoke,Burnley,2,0,H,2,0,H,10,14,4,4,7,13,4,9,3,2,0,0,19.81,19.51,0.50,19.96,19.36,1,19.81,40.00,40.00,40.00,19.69,40.00,40.00,40.00,40.00,19.51,40.00,40.00
03/12/16,Sunderland,Leicester,2,1,H,0,0,D,22,17,6,5,8,12,3,4,3,1,0,0,19.51,19.64,0.07,19.60,19.55,1,40.00,40.00,19.51,40.00,19.53,40.00,40.00,40.00,19.64,40.00,19.61,40.00
03/12/16,Tottenham,Swansea,5,0,H,2,0,H,28,1,15,0,11,17,5,0,0,4,0,0,20.54,19.51,1.23,20.92,19.13,1,40.00,40.00,40.00,20.54,20.54,40.00,40.00,40.00,19.51,40.00,40.00,40.00
03/12/16,West Brom,Watford,3,1,H,2,0,H,11,17,3,5,12,8,3,4,2,1,0,1,20.04,19.52,0.72,20.16,19.39,1,40.00,40.00,40.00,20.04,20.16,40.00,40.00,19.52,40.00,40.00,19.63,40.00
03/12/16,West Ham,Arsenal,1,5,A,0,1,A,10,19,3,10,10,11,3,2,3,3,0,0,19.55,20.80,-1.05,19.25,21.10,1,40.00,40.00,19.55,40.00,40.00,19.46,40.00,40.00,20.80,40.00,40.00,40.00
04/12/16,Bournemouth,Liverpool,4,3,H,0,2,A,12,10,8,3,9,17,4,9,2,2,0,0,19.81,21.11,-1.10,20.02,20.90,0,40.00,40.00,40.00,19.81,40.00,40.00,40.00,40.00,40.00,21.11,40.00,40.00
04/12/16,Everton,Man United,1,1,D,0,1,A,13,10,6,2,13,11,6,3,2,3,0,0,19.80,20.06,-0.06,19.80,20.05,0,40.00,40.00,19.80,40.00,40.00,40.00,40.00,40.00,20.06,40.00,40.00,40.00
05/12/16,Middlesbrough,Hull,1,0,H,0,0,D,16,6,4,2,6,11,13,7,1,1,0,0,20.08,18.88,1.40,20.04,18.92,1,40.00,40.00,40.00,40.00,20.08,20.11,40.00,40.00,40.00,40.00,18.88,40.00
10/12/16,Arsenal,Stoke,3,1,H,1,1,D,21,12,6,5,9,6,7,7,0,0,0,0,21.10,19.96,1.34,21.16,19.89,1,40.00,21.10,40.00,20.80,40.00,40.00,40.00,40.00,19.96,19.81,40.00,40.00
10/12/16,Burnley,Bournemouth,3,2,H,2,1,H,16,17,7,4,14,18,4,11,2,2,0,0,19.36,20.02,-0.47,19.50,19.87,0,40.00,40.00,19.36,40.00,40.00,19.51,20.02,40.00,40.00,40.00,19.81,40.00
10/12/16,Hull,Crystal Palace,3,3,D,1,0,H,15,14,6,6,16,14,4,7,2,4,0,0,18.92,19.85,-0.73,18.99,19.77,0,18.92,40.00,40.00,40.00,40.00,18.88,40.00,40.00,40.00,19.85,19.51,40.00
10/12/16,Leicester,Man City,4,2,H,3,0,H,10,19,6,4,10,7,3,11,2,1,0,0,19.55,20.70,-0.96,19.84,20.41,0,40.00,40.00,19.55,40.00,40.00,19.64,40.00,40.00,40.00,20.70,40.00,40.00
10/12/16,Swansea,Sunderland,3,0,H,0,0,D,14,11,5,2,10,8,7,4,1,2,0,0,19.13,19.60,-0.26,19.46,19.27,0,40.00,40.00,19.13,40.00,40.00,19.51,40.00,40.00,19.60,40.00,40.00,19.51
10/12/16,Watford,Everton,3,2,H,1,1,D,11,11,6,4,11,16,2,4,2,2,0,0,19.39,19.80,-0.22,19.51,19.68,0,40.00,40.00,19.39,40.00,19.52,40.00,40.00,19.80,40.00,40.00,19.80,40.00
11/12/16,Chelsea,West Brom,1,0,H,0,0,D,12,6,2,1,6,10,3,1,2,4,0,0,21.55,20.16,1.58,21.49,20.22,1,40.00,40.00,40.00,40.00,21.55,40.00,40.00,40.00,20.16,40.00,40.00,40.00
11/12/16,Liverpool,West Ham,2,2,D,1,2,A,18,7,3,3,7,8,11,4,2,0,0,0,20.90,19.25,1.85,20.72,19.44,0,40.00,40.00,20.90,40.00,40.00,40.00,40.00,40.00,19.25,40.00,40.00,19.55
11/12/16,Man United,Tottenham,1,0,H,1,0,H,15,12,5,4,19,17,3,8,3,3,0,0,20.05,20.92,-0.67,20.22,20.75,0,40.00,40.00,20.05,40.00,40.00,20.06,40.00,40.00,40.00,20.92,40.00,40.00
11/12/16,Southampton,Middlesbrough,1,0,H,0,0,D,14,6,3,2,14,12,4,2,4,3,0,0,19.76,20.04,-0.08,19.87,19.93,0,40.00,40.00,40.00,40.00,40.00,19.76,40.00,40.00,20.04,40.00,40.00,40.00
13/12/16,Bournemouth,Leicester,1,0,H,1,0,H,9,12,3,4,5,15,4,11,0,3,0,0,19.87,19.84,0.23,19.95,19.76,1,40.00,40.00,19.87,20.02,40.00,40.00,40.00,19.84,40.00,40.00,19.55,40.00
13/12/16,Everton,Arsenal,2,1,H,1,1,D,14,9,4,3,10,10,8,3,1,1,1,0,19.68,21.16,-1.28,19.91,20.93,0,40.00,19.68,40.00,19.80,40.00,40.00,40.00,40.00,21.16,40.00,21.10,40.00
14/12/16,Crystal Palace,Man United,1,2,A,0,1,A,6,16,3,6,16,10,1,8,2,2,0,0,19.77,20.22,-0.24,19.70,20.29,1,40.00,40.00,19.77,40.00,40.00,40.00,20.22,40.00,40.00,20.05,40.00,40.00
14/12/16,Man City,Watford,2,0,H,1,0,H,13,5,7,2,16,20,5,2,1,2,0,0,20.41,19.51,1.10,20.50,19.42,1,40.00,40.00,20.41,40.00,40.00,40.00,40.00,40.00,19.51,40.00,40.00,19.39
14/12/16,Middlesbrough,Liverpool,0,3,A,0,1,A,8,15,3,4,11,14,5,2,1,0,0,0,19.93,20.72,-0.58,19.69,20.96,1,40.00,19.93,40.00,40.00,20.04,40.00,40.00,20.72,40.00,40.00,20.90,40.00
14/12/16,Stoke,Southampton,0,0,D,0,0,D,5,15,3,4,9,10,3,11,1,2,1,0,19.89,19.87,0.22,19.87,19.89,0,40.00,40.00,40.00,40.00,19.89,40.00,40.00,19.87,40.00,40.00,40.00,40.00
14/12/16,Sunderland,Chelsea,0,1,A,0,1,A,8,19,3,6,15,10,5,5,3,2,0,0,19.27,21.49,-2.01,19.37,21.39,1,40.00,40.00,40.00,19.27,40.00,40.00,40.00,40.00,21.49,40.00,40.00,40.00
14/12/16,Tottenham,Hull,3,0,H,1,0,H,27,10,9,5,6,14,5,5,0,2,0,0,20.75,18.99,1.96,20.86,18.89,1,40.00,40.00,20.75,40.00,40.00,40.00,40.00,40.00,40.00,40.00,18.99,18.92
14/12/16,West Brom,Swansea,3,1,H,0,0,D,13,8,4,4,8,8,0,11,0,0,0,0,20.22,19.46,0.96,20.33,19.36,1,40.00,40.00,40.00,20.22,40.00,40.00,40.00,40.00,40.00,19.46,40.00,40.00
14/12/16,West Ham,Burnley,1,0,H,1,0,H,20,8,7,2,12,15,6,1,0,2,0,0,19.44,19.50,0.14,19.52,19.42,1,40.00,40.00,40.00,19.44,40.00,40.00,40.00,40.00,40.00,40.00,19.50,40.00
17/12/16,Crystal Palace,Chelsea,0,1,A,0,1,A,6,13,2,6,12,15,5,3,2,3,0,0,19.70,21.39,-1.49,19.75,21.34,1,40.00,40.00,19.70,40.00,40.00,19.77,40.00,21.39,40.00,21.49,40.00,40.00
17/12/16,Middlesbrough,Swansea,3,0,H,2,0,H,10,14,4,2,10,11,3,8,1,0,0,0,19.69,19.36,0.53,19.94,19.11,1,40.00,19.69,40.00,19.93,40.00,40.00,19.36,40.00,40.00,40.00,19.46,40.00
17/12/16,Stoke,Leicester,2,2,D,2,0,H,16,14,7,8,9,12,9,9,2,6,0,1,19.87,19.76,0.30,19.84,19.80,0,40.00,19.87,40.00,40.00,40.00,40.00,40.00,40.00,40.00,19.76,40.00,19.84
17/12/16,Sunderland,Watford,1,0,H,0,0,D,12,9,4,4,10,9,4,11,1,2,0,0,19.37,19.42,0.15,19.46,19.33,1,40.00,19.37,40.00,40.00,40.00,19.27,40.00,40.00,19.42,40.00,19.51,40.00
17/12/16,West Brom,Man United,0,2,A,0,1,A,10,10,1,5,9,13,2,3,3,3,0,0,20.33,20.29,0.23,20.10,20.52,0,40.00,20.33,40.00,40.00,40.00,20.22,40.00,40.00,40.00,20.29,20.22,40.00
17/12/16,West Ham,Hull,1,0,H,0,0,D,18,16,6,5,13,9,10,6,2,4,0,0,19.52,18.89,0.84,19.54,18.87,1,40.00,19.52,40.00,40.00,40.00,19.44,40.00,40.00,18.89,40.00,40.00,40.00
18/12/16,Bournemouth,Southampton,1,3,A,1,1,D,10,14,5,8,6,12,7,4,0,2,0,0,19.95,19.89,0.26,19.73,20.12,0,40.00,40.00,40.00,40.00,19.95,40.00,40.00,40.00,40.00,19.89,19.87,40.00
18/12/16,Man City,Arsenal,2,1,H,0,1,A,14,6,5,1,9,13,8,1,4,2,0,0,20.50,20.93,-0.24,20.62,20.81,0,40.00,40.00,40.00,20.50,40.00,40.00,40.00,40.00,40.00,40.00,20.93,40.00
18/12/16,Tottenham,Burnley,2,1,H,1,1,D,30,5,9,2,10,11,11,2,1,2,0,0,20.86,19.42,1.64,20.79,19.48,1,40.00,40.00,20.86,40.00,40.00,20.75,40.00,40.00,19.42,40.00,40.00,40.00
19/12/16,Everton,Liverpool,0,1,A,0,0,D,6,11,1,4,13,9,1,6,3,1,0,0,19.91,20.96,-0.85,19.90,20.97,1,40.00,40.00,40.00,40.00,19.91,40.00,40.00,40.00,40.00,40.00,20.96,40.00
26/12/16,Arsenal,West Brom,1,0,H,0,0,D,26,3,11,1,11,7,6,5,2,1,0,0,20.81,20.10,0.91,20.82,20.09,1,20.81,40.00,40.00,40.00,40.00,20.93,40.00,20.10,40.00,20.33,40.00,40.00
26/12/16,Burnley,Middlesbrough,1,0,H,0,0,D,6,8,4,2,17,18,7,3,6,5,0,0,19.48,19.94,-0.26,19.61,19.81,0,19.48,40.00,40.00,19.42,40.00,40.00,40.00,40.00,19.94,40.00,19.69,40.00
26/12/16,Chelsea,Bournemouth,3,0,H,1,0,H,14,7,4,3,13,14,5,5,1,1,0,0,21.34,19.73,1.81,21.46,19.61,1,40.00,40.00,40.00,21.34,21.39,40.00,40.00,19.73,40.00,40.00,40.00,40.00
26/12/16,Hull,Man City,0,3,A,0,0,D,10,16,3,6,11,14,4,7,1,0,0,0,18.87,20.62,-1.55,18.73,20.77,1,40.00,40.00,18.87,40.00,18.89,40.00,40.00,20.62,40.00,40.00,40.00,20.50
26/12/16,Leicester,Everton,0,2,A,0,0,D,7,8,2,3,14,7,3,4,3,0,0,0,19.80,19.90,0.10,19.59,20.11,0,40.00,40.00,40.00,19.80,40.00,40.00,40.00,19.90,40.00,40.00,40.00,40.00
26/12/16,Man United,Sunderland,3,1,H,1,0,H,26,7,9,4,6,9,5,5,1,1,0,0,20.52,19.46,1.26,20.59,19.38,1,40.00,40.00,40.00,20.52,40.00,40.00,40.00,40.00,40.00,19.46,40.00,19.37
26/12/16,Swansea,West Ham,1,4,A,0,1,A,14,14,7,7,10,12,8,4,0,0,0,0,19.11,19.54,-0.23,18.83,19.82,1,40.00,40.00,40.00,40.00,19.11,19.36,40.00,40.00,19.54,40.00,19.52,40.00
26/12/16,Watford,Crystal Palace,1,1,D,0,1,A,9,10,3,4,18,17,7,3,2,4,0,0,19.33,19.75,-0.21,19.36,19.73,0,40.00,40.00,40.00,19.33,40.00,40.00,40.00,40.00,40.00,40.00,19.75,40.00
27/12/16,Liverpool,Stoke,4,1,H,2,1,H,20,6,6,2,9,6,8,2,0,1,0,0,20.97,19.84,1.33,21.14,19.67,1,40.00,40.00,20.97,40.00,40.00,40.00,40.00,40.00,40.00,40.00,19.84,40.00
28/12/16,Southampton,Tottenham,1,4,A,1,1,D,9,17,2,5,7,16,2,10,1,4,1,0,20.12,20.79,-0.47,19.87,21.04,1,40.00,40.00,40.00,20.12,40.00,40.00,40.00,40.00,20.79,40.00,40.00,40.00
30/12/16,Hull,Everton,2,2,D,1,1,D,13,20,4,7,10,13,5,5,2,2,0,0,18.73,20.11,-1.18,18.84,19.99,0,40.00,18.73,40.00,40.00,18.87,40.00,40.00,20.11,19.90,40.00,40.00,40.00
31/12/16,Burnley,Sunderland,4,1,H,1,0,H,16,11,6,3,10,8,6,2,1,1,0,0,19.61,19.38,0.42,19.86,19.13,1,40.00,40.00,19.61,19.48,40.00,40.00,40.00,19.38,40.00,40.00,19.46,40.00
31/12/16,Chelsea,Stoke,4,2,H,1,0,H,18,5,7,2,12,10,8,3,3,2,0,0,21.46,19.67,1.98,21.46,19.67,1,40.00,40.00,21.46,40.00,40.00,40.00,40.00,19.67,40.00,40.00,40.00,19.84
31/12/16,Leicester,West Ham,1,0,H,1,0,H,12,25,4,5,11,8,7,7,5,3,0,0,19.59,19.82,-0.03,19.69,19.71,0,40.00,40.00,19.59,40.00,40.00,19.80,40.00,19.82,40.00,40.00,19.54,40.00
31/12/16,Liverpool,Man City,1,0,H,1,0,H,5,9,1,2,12,12,4,6,2,1,0,0,21.14,20.77,0.57,21.18,20.72,1,40.00,21.14,40.00,40.00,20.97,40.00,40.00,40.00,40.00,20.77,20.62,40.00
31/12/16,Man United,Middlesbrough,2,1,H,0,0,D,32,9,12,2,9,14,12,2,1,1,0,0,20.59,19.81,0.98,20.59,19.81,1,40.00,40.00,20.59,40.00,40.00,20.52,40.00,40.00,40.00,19.81,40.00,40.00
31/12/16,Southampton,West Brom,1,2,A,1,1,D,10,7,1,3,13,17,8,3,1,3,1,0,19.87,20.09,-0.03,19.77,20.19,1,40.00,19.87,40.00,40.00,40.00,20.12,40.00,40.00,40.00,40.00,20.09,40.00
31/12/16,Swansea,Bournemouth,0,3,A,0,2,A,14,11,5,6,14,9,4,3,2,0,0,0,18.83,19.61,-0.57,18.59,19.85,1,40.00,40.00,18.83,40.00,40.00,40.00,40.00,40.00,40.00,40.00,19.61,19.73
01/01/17,Arsenal,Crystal Palace,2,0,H,1,0,H,22,7,7,4,9,7,8,4,1,1,0,0,20.82,19.73,1.29,20.89,19.65,1,40.00,40.00,40.00,40.00,20.82,20.81,40.00,40.00,40.00,19.73,40.00,40.00
01/01/17,Watford,Tottenham,1,4,A,0,3,A,6,19,2,6,11,6,0,3,3,0,0,0,19.36,21.04,-1.49,19.20,21.20,1,40.00,40.00,40.00,19.36,40.00,40.00,40.00,40.00,21.04,40.00,40.00,20.79
02/01/17,Everton,Southampton,3,0,H,0,0,D,17,12,6,3,5,14,10,8,0,1,0,0,19.99,19.77,0.42,20.25,19.51,1,40.00,40.00,19.99,40.00,20.11,19.90,19.77,40.00,19.87,40.00,40.00,40.00
02/01/17,Man City,Burnley,2,1,H,0,0,D,14,11,3,3,11,11,8,8,4,3,1,0,20.72,19.86,1.06,20.72,19.87,1,40.00,20.72,40.00,40.00,40.00,20.77,40.00,40.00,19.86,40.00,40.00,19.61
02/01/17,Middlesbrough,Leicester,0,0,D,0,0,D,9,10,1,4,10,9,2,2,3,0,0,0,19.81,19.69,0.32,19.78,19.72,0,40.00,19.81,40.00,40.00,40.00,19.81,40.00,40.00,19.69,40.00,19.59,40.00
02/01/17,Sunderland,Liverpool,2,2,D,1,1,D,10,21,5,15,10,10,2,5,2,3,0,0,19.13,21.18,-1.86,19.31,21.00,0,40.00,40.00,40.00,19.13,40.00,19.38,40.00,40.00,21.18,40.00,21.14,40.00
02/01/17,West Brom,Hull,3,1,H,0,1,A,8,17,5,6,5,4,7,9,0,0,0,0,20.19,18.84,1.55,20.24,18.80,1,40.00,40.00,20.19,40.00,40.00,40.00,40.00,40.00,40.00,18.84,40.00,18.73
02/01/17,West Ham,Man United,0,2,A,0,0,D,8,13,2,6,9,13,2,1,1,2,1,0,19.71,20.59,-0.68,19.58,20.72,1,40.00,40.00,40.00,19.71,40.00,19.82,40.00,40.00,20.59,40.00,40.00,20.59
03/01/17,Bournemouth,Arsenal,3,3,D,2,0,H,12,14,6,4,10,12,4,7,3,3,1,0,19.85,20.89,-0.84,19.93,20.81,0,40.00,40.00,19.85,40.00,40.00,40.00,40.00,40.00,20.89,40.00,40.00,40.00
03/01/17,Crystal Palace,Swansea,1,2,A,0,1,A,7,11,3,4,13,14,4,5,2,1,0,0,19.65,18.59,1.26,19.43,18.82,0,40.00,40.00,19.65,40.00,40.00,19.73,40.00,40.00,18.59,40.00,40.00,18.83
03/01/17,Stoke,Watford,2,0,H,1,0,H,17,9,5,2,10,15,7,6,1,2,0,0,19.67,19.20,0.67,19.80,19.07,1,40.00,40.00,40.00,40.00,19.67,19.67,40.00,40.00,19.20,40.00,40.00,19.36
04/01/17,Tottenham,Chelsea,2,0,H,1,0,H,9,11,2,2,9,8,1,6,3,2,0,0,21.20,21.46,-0.06,21.40,21.25,0,40.00,40.00,21.20,40.00,40.00,21.04,40.00,40.00,40.00,40.00,21.46,40.00
14/01/17,Burnley,Southampton,1,0,H,0,0,D,9,20,3,5,14,14,2,7,1,2,0,0,19.87,19.51,0.56,19.91,19.47,1,40.00,40.00,19.87,40.00,40.00,19.86,40.00,40.00,19.51,19.77,40.00,19.87
14/01/17,Hull,Bournemouth,3,1,H,1,1,D,14,8,3,6,13,11,4,5,0,1,0,0,18.80,19.93,-0.94,19.09,19.64,0,40.00,18.80,40.00,40.00,40.00,18.84,40.00,19.93,40.00,19.85,40.00,40.00
14/01/17,Leicester,Chelsea,0,3,A,0,1,A,7,8,2,3,8,9,3,5,1,0,0,0,19.72,21.25,-1.33,19.55,21.42,1,40.00,40.00,19.72,40.00,40.00,19.69,21.25,40.00,40.00,40.00,40.00,21.46
14/01/17,Sunderland,Stoke,1,3,A,1,3,A,14,14,3,6,16,11,5,2,3,1,0,0,19.31,19.80,-0.29,19.14,19.97,1,40.00,40.00,19.31,40.00,40.00,40.00,40.00,19.80,40.00,40.00,40.00,19.67
14/01/17,Swansea,Arsenal,0,4,A,0,1,A,12,14,3,6,12,8,3,2,2,0,0,0,18.82,20.81,-1.79,18.60,21.03,1,40.00,18.82,40.00,40.00,18.59,40.00,40.00,40.00,20.81,40.00,20.89,40.00
14/01/17,Tottenham,West Brom,4,0,H,2,0,H,21,3,11,0,11,12,8,0,0,2,0,0,21.40,20.24,1.37,21.66,19.97,1,40.00,21.40,40.00,40.00,21.20,40.00,40.00,40.00,20.24,40.00,40.00,20.19
14/01/17,Watford,Middlesbrough,0,0,D,0,0,D,12,5,5,1,15,15,3,1,3,1,0,0,19.07,19.78,-0.51,19.12,19.73,0,40.00,40.00,19.07,40.00,19.20,40.00,40.00,40.00,40.00,19.78,40.00,19.81
14/01/17,West Ham,Crystal Palace,3,0,H,0,0,D,14,10,3,1,10,14,2,2,4,2,0,0,19.58,19.43,0.35,19.85,19.16,1,40.00,40.00,40.00,19.58,40.00,40.00,40.00,40.00,19.43,40.00,40.00,19.65
15/01/17,Everton,Man City,4,0,H,1,0,H,6,13,4,5,17,7,3,6,2,2,0,0,20.25,20.72,-0.27,20.67,20.29,0,40.00,40.00,40.00,40.00,20.25,40.00,40.00,40.00,40.00,40.00,20.72,40.00
15/01/17,Man United,Liverpool,1,1,D,0,1,A,9,13,3,4,17,13,5,7,1,3,0,0,20.72,21.00,-0.07,20.73,20.99,0,40.00,40.00,40.00,20.72,40.00,40.00,40.00,40.00,40.00,40.00,21.00,40.00
21/01/17,Bournemouth,Watford,2,2,D,0,1,A,15,10,5,3,6,16,9,4,1,1,0,0,19.64,19.12,0.72,19.57,19.19,0,40.00,40.00,19.64,19.93,40.00,40.00,19.12,40.00,40.00,19.07,40.00,19.20
21/01/17,Crystal Palace,Everton,0,1,A,0,0,D,8,16,2,8,10,15,8,7,0,1,0,0,19.16,20.67,-1.31,19.19,20.64,1,40.00,19.16,40.00,19.43,40.00,40.00,20.67,40.00,40.00,40.00,40.00,20.25
21/01/17,Liverpool,Swansea,2,3,A,0,0,D,16,6,5,3,7,7,6,3,1,1,0,0,20.99,18.60,2.59,20.63,18.96,0,20.99,40.00,40.00,40.00,40.00,21.00,40.00,40.00,18.60,40.00,18.82,40.00
21/01/17,Man City,Tottenham,2,2,D,0,0,D,17,6,7,2,10,7,5,4,2,4,0,0,20.29,21.66,-1.18,20.41,21.55,0,40.00,20.29,40.00,40.00,40.00,40.00,40.00,40.00,21.66,21.40,40.00,40.00
21/01/17,Middlesbrough,West Ham,1,3,A,1,2,A,11,13,2,5,7,14,7,5,2,1,0,0,19.73,19.85,0.08,19.52,20.05,0,40.00,40.00,19.73,40.00,40.00,40.00,40.00,19.85,40.00,40.00,40.00,19.58
21/01/17,Stoke,Man United,1,1,D,1,0,H,6,25,1,8,12,13,1,7,4,0,0,0,19.97,20.73,-0.56,20.03,20.68,0,40.00,40.00,40.00,19.97,19.80,40.00,40.00,20.73,40.00,40.00,40.00,20.72
21/01/17,West Brom,Sunderland,2,0,H,2,0,H,14,9,5,3,15,12,1,4,1,1,0,0,19.97,19.14,1.03,20.07,19.04,1,40.00,40.00,40.00,19.97,40.00,40.00,40.00,40.00,40.00,19.14,40.00,40.00
22/01/17,Arsenal,Burnley,2,1,H,0,0,D,24,13,8,7,12,11,10,4,1,3,1,0,21.03,19.91,1.31,21.00,19.94,1,40.00,40.00,40.00,21.03,40.00,20.81,40.00,40.00,40.00,40.00,19.91,40.00
22/01/17,Chelsea,Hull,2,0,H,1,0,H,9,9,5,4,12,10,9,7,1,3,0,0,21.42,19.09,2.53,21.37,19.14,1,40.00,40.00,40.00,40.00,21.42,21.25,40.00,40.00,40.00,40.00,19.09,40.00
22/01/17,Southampton,Leicester,3,0,H,2,0,H,20,11,7,2,8,10,7,2,0,1,0,0,19.47,19.55,0.11,19.75,19.26,1,40.00,40.00,40.00,40.00,40.00,19.47,40.00,40.00,40.00,40.00,19.55,40.00
31/01/17,Arsenal,Watford,1,2,A,0,2,A,20,10,5,6,12,15,9,5,3,3,0,0,21.00,19.19,2.00,20.70,19.49,0,21.00,40.00,40.00,40.00,21.03,40.00,40.00,40.00,19.19,19.12,40.00,40.00
31/01/17,Bournemouth,Crystal Palace,0,2,A,0,0,D,10,11,2,4,14,23,2,3,0,4,0,0,19.57,19.19,0.57,19.31,19.45,0,40.00,40.00,19.57,40.00,40.00,19.64,40.00,40.00,19.19,19.16,40.00,40.00
31/01/17,Burnley,Leicester,1,0,H,0,0,D,24,13,3,5,4,8,10,2,1,0,0,0,19.94,19.26,0.88,19.96,19.25,1,40.00,19.94,40.00,40.00,40.00,40.00,19.26,40.00,40.00,40.00,40.00,19.55
31/01/17,Liverpool,Chelsea,1,1,D,0,1,A,7,8,3,2,13,8,3,3,2,1,0,0,20.63,21.37,-0.54,20.68,21.31,0,40.00,40.00,20.63,20.99,40.00,40.00,40.00,21.37,40.00,40.00,40.00,21.42
31/01/17,Middlesbrough,West Brom,1,1,D,1,1,D,11,16,3,5,12,13,4,2,2,1,0,0,19.52,20.07,-0.35,19.55,20.03,0,40.00,40.00,19.52,40.00,40.00,19.73,40.00,40.00,20.07,40.00,40.00,19.97
31/01/17,Sunderland,Tottenham,0,0,D,0,0,D,3,14,1,3,9,13,2,12,2,1,0,0,19.04,21.55,-2.30,19.27,21.32,0,40.00,40.00,19.04,40.00,40.00,40.00,40.00,40.00,40.00,21.55,40.00,21.66
31/01/17,Swansea,Southampton,2,1,H,1,0,H,11,10,5,2,10,19,5,4,2,0,0,0,18.96,19.75,-0.60,19.12,19.59,0,40.00,40.00,40.00,18.96,40.00,40.00,40.00,19.75,40.00,40.00,40.00,40.00
01/02/17,Man United,Hull,0,0,D,0,0,D,15,6,6,2,20,16,7,1,1,4,0,0,20.68,19.14,1.73,20.50,19.32,0,40.00,40.00,40.00,20.68,20.73,40.00,40.00,40.00,19.14,40.00,40.00,40.00
01/02/17,Stoke,Everton,1,1,D,1,1,D,14,14,7,5,21,12,5,5,1,0,0,0,20.03,20.64,-0.41,20.07,20.60,0,40.00,40.00,40.00,20.03,40.00,40.00,40.00,40.00,40.00,40.00,20.64,20.67
01/02/17,West Ham,Man City,0,4,A,0,3,A,6,11,1,4,11,14,2,4,3,3,0,0,20.05,20.41,-0.15,19.67,20.79,1,40.00,40.00,40.00,40.00,20.05,40.00,40.00,40.00,40.00,40.00,20.41,20.29
04/02/17,Chelsea,Arsenal,3,1,H,1,0,H,13,9,6,5,14,8,10,13,1,1,0,0,21.31,20.70,0.82,21.43,20.58,1,40.00,21.31,40.00,21.37,40.00,40.00,40.00,40.00,20.70,21.00,40.00,40.00
04/02/17,Crystal Palace,Sunderland,0,4,A,0,4,A,21,10,9,7,8,8,6,1,3,3,0,0,19.45,19.27,0.38,19.01,19.71,0,40.00,40.00,19.45,40.00,40.00,19.19,40.00,19.27,40.00,40.00,19.04,40.00
04/02/17,Everton,Bournemouth,6,3,H,3,0,H,15,18,10,8,14,4,4,8,3,1,0,0,20.60,19.31,1.49,20.75,19.16,1,40.00,20.60,40.00,40.00,40.00,20.64,40.00,40.00,19.31,40.00,40.00,40.00
04/02/17,Hull,Liverpool,2,0,H,1,0,H,7,22,4,5,9,12,1,15,2,1,0,0,19.32,20.68,-1.17,19.63,20.37,0,40.00,19.32,40.00,40.00,19.14,40.00,40.00,40.00,20.68,40.00,40.00,20.63
04/02/17,Southampton,West Ham,1,3,A,1,2,A,21,6,7,4,12,15,3,2,0,2,0,0,19.59,19.67,0.12,19.38,19.88,0,40.00,40.00,19.59,40.00,19.75,40.00,40.00,19.67,40.00,40.00,40.00,20.05
04/02/17,Tottenham,Middlesbrough,1,0,H,0,0,D,17,8,5,0,8,11,11,2,0,1,0,0,21.32,19.55,1.96,21.22,19.65,1,40.00,40.00,21.32,40.00,40.00,40.00,40.00,40.00,19.55,40.00,40.00,19.52
04/02/17,Watford,Burnley,2,1,H,2,0,H,16,11,7,7,12,10,3,6,5,0,0,1,19.49,19.96,-0.26,19.62,19.83,0,40.00,40.00,40.00,40.00,19.49,40.00,40.00,40.00,40.00,19.96,40.00,19.94
04/02/17,West Brom,Stoke,1,0,H,1,0,H,16,12,4,2,6,13,5,6,2,2,0,0,20.03,20.07,0.16,20.12,19.99,1,40.00,40.00,40.00,20.03,40.00,20.07,40.00,40.00,20.07,40.00,40.00,40.00
05/02/17,Leicester,Man United,0,3,A,0,2,A,11,15,1,9,12,13,10,3,2,4,0,0,19.25,20.50,-1.05,19.06,20.70,1,40.00,40.00,40.00,40.00,19.25,19.26,40.00,40.00,20.50,40.00,40.00,40.00
05/02/17,Man City,Swansea,2,1,H,1,0,H,17,4,5,2,9,13,10,3,2,3,0,0,20.79,19.12,1.88,20.70,19.20,1,40.00,40.00,20.79,40.00,40.00,40.00,40.00,40.00,40.00,19.12,40.00,40.00
11/02/17,Arsenal,Hull,2,0,H,1,0,H,17,9,7,4,12,9,3,8,3,1,0,1,20.58,19.63,1.14,20.66,19.55,1,40.00,40.00,20.58,40.00,40.00,20.70,40.00,19.63,40.00,19.32,40.00,40.00
11/02/17,Liverpool,Tottenham,2,0,H,2,0,H,17,7,9,2,14,14,10,3,3,4,0,0,20.37,21.22,-0.65,20.63,20.96,0,40.00,40.00,20.37,40.00,20.68,40.00,40.00,21.22,40.00,40.00,21.32,40.00
11/02/17,Man United,Watford,2,0,H,1,0,H,22,9,11,3,10,12,5,1,1,0,0,0,20.70,19.62,1.28,20.77,19.55,1,40.00,20.70,40.00,40.00,20.50,40.00,40.00,19.62,40.00,40.00,40.00,40.00
11/02/17,Middlesbrough,Everton,0,0,D,0,0,D,9,7,3,3,14,9,5,2,2,0,0,0,19.65,20.75,-0.90,19.74,20.66,0,40.00,40.00,19.65,40.00,40.00,19.55,40.00,40.00,20.75,40.00,20.60,40.00
11/02/17,Stoke,Crystal Palace,1,0,H,0,0,D,7,6,4,1,10,14,5,5,1,3,0,0,19.99,19.01,1.17,19.97,19.03,1,40.00,19.99,40.00,40.00,20.07,40.00,40.00,40.00,40.00,19.01,40.00,40.00
11/02/17,Sunderland,Southampton,0,4,A,0,2,A,6,15,1,8,12,14,6,2,1,0,0,0,19.71,19.38,0.53,19.26,19.84,0,40.00,40.00,40.00,19.71,40.00,19.27,40.00,40.00,19.38,40.00,40.00,19.59
11/02/17,West Ham,West Brom,2,2,D,0,1,A,16,8,4,3,7,14,7,5,3,2,0,0,19.88,20.12,-0.04,19.89,20.11,0,40.00,40.00,40.00,19.88,19.67,40.00,40.00,40.00,20.12,40.00,40.00,40.00
12/02/17,Burnley,Chelsea,1,1,D,1,1,D,6,13,4,2,12,11,1,1,3,2,0,0,19.83,21.43,-1.40,19.97,21.29,0,40.00,40.00,40.00,19.83,40.00,40.00,40.00,40.00,40.00,40.00,21.43,40.00
12/02/17,Swansea,Leicester,2,0,H,2,0,H,10,9,4,1,7,14,7,3,2,2,0,0,19.20,19.06,0.34,19.37,18.89,1,40.00,40.00,19.20,40.00,40.00,40.00,40.00,40.00,19.06,40.00,40.00,40.00
13/02/17,Bournemouth,Man City,0,2,A,0,1,A,5,17,1,5,8,11,3,7,2,3,0,0,19.16,20.70,-1.34,19.09,20.77,1,40.00,40.00,40.00,40.00,19.16,40.00,40.00,40.00,20.70,40.00,40.00,20.79
25/02/17,Chelsea,Swansea,3,1,H,1,1,D,16,3,5,2,11,14,8,1,1,3,0,0,21.29,19.37,2.12,21.28,19.38,1,21.29,40.00,40.00,40.00,40.00,21.43,19.37,40.00,40.00,19.20,40.00,40.00
25/02/17,Crystal Palace,Middlesbrough,1,0,H,1,0,H,15,11,3,4,13,15,4,2,3,1,0,0,19.03,19.74,-0.51,19.18,19.59,0,40.00,19.03,40.00,40.00,40.00,19.01,40.00,40.00,19.74,40.00,19.65,40.00
25/02/17,Everton,Sunderland,2,0,H,1,0,H,20,10,8,1,10,16,10,6,0,2,0,0,20.66,19.26,1.60,20.70,19.22,1,40.00,40.00,20.66,40.00,40.00,20.75,40.00,19.26,40.00,40.00,40.00,19.71
25/02/17,Hull,Burnley,1,1,D,0,0,D,15,10,1,3,8,13,6,3,1,1,0,1,19.55,19.97,-0.22,19.57,19.95,0,40.00,40.00,40.00,19.55,40.00,19.63,40.00,19.97,40.00,40.00,19.83,40.00
25/02/17,Watford,West Ham,1,1,D,1,0,H,9,13,1,2,18,14,4,6,4,1,0,1,19.55,19.89,-0.14,19.56,19.87,0,40.00,40.00,40.00,19.55,19.62,40.00,40.00,40.00,19.89,40.00,40.00,19.88
25/02/17,West Brom,Bournemouth,2,1,H,2,1,H,13,12,4,4,12,5,8,6,2,0,0,0,20.11,19.09,1.22,20.09,19.12,1,40.00,40.00,20.11,40.00,20.12,40.00,40.00,19.09,40.00,40.00,40.00,40.00
26/02/17,Tottenham,Stoke,4,0,H,4,0,H,21,5,9,3,11,14,8,5,2,3,0,0,20.96,19.97,1.18,21.24,19.69,1,40.00,40.00,40.00,40.00,20.96,21.22,40.00,40.00,40.00,19.97,40.00,19.99
27/02/17,Leicester,Liverpool,3,1,H,2,0,H,13,17,7,7,8,5,5,12,0,0,0,0,18.89,20.63,-1.54,19.25,20.28,0,40.00,40.00,18.89,40.00,40.00,19.06,40.00,40.00,40.00,40.00,20.63,40.00
04/03/17,Leicester,Hull,3,1,H,1,1,D,17,10,5,4,12,13,10,4,1,1,0,0,19.25,19.57,-0.12,19.46,19.36,0,19.25,40.00,18.89,40.00,40.00,19.06,40.00,19.57,40.00,40.00,40.00,19.55
04/03/17,Liverpool,Arsenal,3,1,H,2,0,H,18,7,7,3,8,15,9,3,1,2,0,0,20.28,20.66,-0.19,20.50,20.44,0,20.28,40.00,40.00,40.00,20.63,40.00,40.00,40.00,40.00,40.00,40.00,20.66
04/03/17,Man United,Bournemouth,1,1,D,1,1,D,20,3,7,1,9,11,15,2,3,2,0,1,20.77,19.12,1.85,20.58,19.30,0,40.00,40.00,40.00,40.00,20.77,40.00,40.00,19.12,19.09,40.00,40.00,40.00
04/03/17,Stoke,Middlesbrough,2,0,H,2,0,H,13,8,8,2,16,20,6,1,1,2,0,0,19.69,19.59,0.30,19.86,19.42,1,40.00,19.69,40.00,40.00,19.97,40.00,40.00,40.00,19.59,40.00,19.74,40.00
04/03/17,Swansea,Burnley,3,2,H,1,1,D,23,6,10,4,7,13,9,2,2,2,0,0,19.38,19.95,-0.37,19.52,19.81,0,40.00,40.00,40.00,19.38,40.00,40.00,40.00,40.00,19.95,40.00,19.97,40.00
04/03/17,Watford,Southampton,3,4,A,1,2,A,16,20,4,11,16,9,6,5,3,2,0,0,19.56,19.84,-0.07,19.47,19.93,1,40.00,40.00,19.56,40.00,40.00,19.55,40.00,40.00,40.00,40.00,40.00,19.84
04/03/17,West Brom,Crystal Palace,0,2,A,0,0,D,11,10,1,4,8,12,5,5,0,1,0,0,20.09,19.18,1.11,19.78,19.49,0,40.00,40.00,20.09,40.00,40.00,20.11,40.00,40.00,40.00,19.18,40.00,19.03
05/03/17,Sunderland,Man City,0,2,A,0,1,A,11,14,3,7,11,4,6,4,1,0,0,0,19.22,20.77,-1.35,19.15,20.83,1,40.00,40.00,40.00,19.22,40.00,19.26,40.00,40.00,40.00,40.00,20.77,40.00
05/03/17,Tottenham,Everton,3,2,H,1,0,H,20,8,7,4,9,14,7,2,1,2,0,0,21.24,20.70,0.74,21.26,20.67,1,40.00,40.00,21.24,40.00,40.00,40.00,40.00,40.00,40.00,20.70,40.00,40.00
06/03/17,West Ham,Chelsea,1,2,A,0,1,A,11,9,2,4,8,8,6,4,0,1,0,0,19.87,21.28,-1.21,19.89,21.26,1,40.00,40.00,40.00,19.87,40.00,19.89,40.00,40.00,40.00,40.00,21.28,21.29
08/03/17,Man City,Stoke,0,0,D,0,0,D,12,5,1,2,8,11,8,1,1,3,0,0,20.83,19.86,1.18,20.72,19.98,0,20.83,40.00,40.00,40.00,40.00,20.77,40.00,19.86,40.00,19.69,40.00,40.00
11/03/17,Bournemouth,West Ham,3,2,H,1,1,D,21,15,9,7,20,15,5,6,4,2,0,0,19.30,19.89,-0.39,19.44,19.75,0,40.00,40.00,19.30,19.12,40.00,19.09,19.89,40.00,40.00,40.00,19.87,40.00
11/03/17,Everton,West Brom,3,0,H,2,0,H,16,5,5,2,8,12,4,6,1,2,0,0,20.67,19.78,1.09,20.87,19.59,1,40.00,20.67,40.00,40.00,20.70,40.00,40.00,19.78,40.00,40.00,20.09,40.00
11/03/17,Hull,Swansea,2,1,H,0,0,D,15,11,7,3,14,5,2,7,3,1,0,0,19.36,19.52,0.04,19.45,19.42,1,40.00,40.00,40.00,19.36,19.57,40.00,40.00,40.00,19.52,40.00,40.00,19.38
12/03/17,Liverpool,Burnley,2,1,H,1,1,D,10,11,3,1,12,16,11,1,2,2,0,0,20.50,19.81,0.89,20.51,19.80,1,40.00,40.00,40.00,20.50,20.28,40.00,40.00,40.00,19.81,40.00,40.00,19.95
18/03/17,Bournemouth,Swansea,2,0,H,1,0,H,12,10,6,1,10,9,2,4,0,2,0,0,19.44,19.42,0.22,19.62,19.24,1,19.44,40.00,40.00,19.30,40.00,19.12,19.42,40.00,19.52,40.00,40.00,40.00
18/03/17,Crystal Palace,Watford,1,0,H,0,0,D,7,6,0,2,8,15,3,2,0,2,0,0,19.49,19.47,0.22,19.57,19.39,1,40.00,40.00,19.49,40.00,40.00,40.00,40.00,40.00,19.47,40.00,40.00,19.56
18/03/17,Everton,Hull,4,0,H,1,0,H,14,6,8,0,9,7,5,8,2,0,0,1,20.87,19.45,1.61,21.10,19.22,1,40.00,20.87,20.67,40.00,40.00,40.00,19.45,40.00,40.00,40.00,19.36,40.00
18/03/17,Stoke,Chelsea,1,2,A,1,1,D,5,20,1,7,16,11,5,11,4,2,1,0,19.98,21.26,-1.08,19.98,21.25,1,40.00,40.00,19.98,40.00,19.86,19.69,40.00,40.00,21.26,40.00,40.00,40.00
18/03/17,Sunderland,Burnley,0,0,D,0,0,D,14,17,5,3,14,7,3,5,2,1,0,0,19.15,19.80,-0.45,19.20,19.76,0,40.00,40.00,40.00,19.15,40.00,40.00,40.00,19.80,40.00,40.00,19.81,40.00
18/03/17,West Brom,Arsenal,3,1,H,1,1,D,12,11,8,2,5,6,4,5,1,0,0,0,19.59,20.44,-0.65,19.86,20.18,0,40.00,40.00,19.59,19.78,40.00,40.00,40.00,40.00,40.00,40.00,40.00,20.44
18/03/17,West Ham,Leicester,2,3,A,1,3,A,20,11,7,5,10,14,6,5,0,1,0,0,19.75,19.46,0.49,19.60,19.61,0,40.00,40.00,19.75,19.89,40.00,40.00,40.00,40.00,40.00,40.00,40.00,19.46
19/03/17,Man City,Liverpool,1,1,D,0,0,D,13,13,3,4,14,7,9,8,3,3,0,0,20.72,20.51,0.41,20.68,20.55,0,40.00,40.00,40.00,20.72,20.83,40.00,40.00,40.00,20.51,40.00,40.00,20.50
19/03/17,Middlesbrough,Man United,1,3,A,0,1,A,10,14,3,6,9,8,8,3,1,1,0,0,19.42,20.58,-0.97,19.32,20.69,1,40.00,40.00,40.00,40.00,40.00,19.42,40.00,40.00,40.00,40.00,40.00,20.58
19/03/17,Tottenham,Southampton,2,1,H,2,0,H,12,8,6,3,12,13,5,1,3,3,0,0,21.26,19.93,1.54,21.21,19.98,1,40.00,40.00,40.00,40.00,21.26,40.00,40.00,40.00,40.00,40.00,40.00,19.93
01/04/17,Burnley,Tottenham,0,2,A,0,0,D,13,19,2,7,9,6,3,7,2,0,0,0,19.76,21.21,-1.25,19.68,21.28,1,40.00,19.76,40.00,19.80,40.00,19.81,21.21,40.00,40.00,40.00,21.26,40.00
01/04/17,Chelsea,Crystal Palace,1,2,A,1,2,A,24,8,11,3,12,14,9,3,3,2,0,0,21.25,19.57,1.88,20.96,19.86,0,40.00,40.00,21.25,40.00,21.26,40.00,40.00,40.00,19.57,40.00,40.00,19.49
01/04/17,Hull,West Ham,2,1,H,0,1,A,7,12,3,4,16,9,5,5,2,2,0,0,19.22,19.60,-0.19,19.33,19.49,0,40.00,40.00,19.22,19.45,40.00,40.00,40.00,19.60,40.00,40.00,19.75,40.00
01/04/17,Leicester,Stoke,2,0,H,1,0,H,23,10,10,2,7,11,10,4,1,4,0,0,19.61,19.98,-0.18,19.83,19.77,0,40.00,19.61,40.00,40.00,40.00,40.00,40.00,40.00,19.98,40.00,40.00,19.98
01/04/17,Liverpool,Everton,3,1,H,2,1,H,10,9,6,4,17,10,2,3,1,3,0,0,20.55,21.10,-0.36,20.78,20.87,0,40.00,20.55,40.00,40.00,20.51,40.00,40.00,40.00,40.00,21.10,20.87,20.67
01/04/17,Man United,West Brom,0,0,D,0,0,D,18,3,3,1,15,13,6,1,3,3,0,0,20.69,19.86,1.03,20.58,19.96,0,40.00,20.69,40.00,40.00,40.00,40.00,40.00,40.00,19.86,40.00,40.00,19.59
01/04/17,Southampton,Bournemouth,0,0,D,0,0,D,14,12,4,3,14,8,6,3,1,0,0,0,19.98,19.62,0.56,19.93,19.67,0,40.00,19.98,40.00,40.00,40.00,40.00,40.00,40.00,40.00,40.00,19.62,19.44
01/04/17,Watford,Sunderland,1,0,H,0,0,D,23,11,10,3,12,8,13,9,1,3,0,0,19.39,19.20,0.39,19.45,19.14,1,40.00,40.00,40.00,40.00,19.39,40.00,40.00,40.00,40.00,19.20,40.00,40.00
02/04/17,Arsenal,Man City,2,2,D,1,2,A,8,14,3,5,8,15,3,8,3,2,0,0,20.18,20.68,-0.30,20.21,20.65,0,40.00,40.00,40.00,20.18,40.00,40.00,40.00,40.00,20.68,40.00,40.00,40.00
02/04/17,Swansea,Middlesbrough,0,0,D,0,0,D,15,8,3,1,9,16,11,3,2,3,0,0,19.24,19.32,0.13,19.23,19.33,0,40.00,40.00,40.00,40.00,40.00,19.24,40.00,40.00,19.32,40.00,40.00,40.00
04/04/17,Burnley,Stoke,1,0,H,0,0,D,7,15,3,2,9,16,3,5,3,2,0,0,19.68,19.77,0.11,19.77,19.68,1,40.00,40.00,19.68,40.00,19.76,19.80,40.00,19.77,40.00,40.00,19.98,40.00
04/04/17,Leicester,Sunderland,2,0,H,0,0,D,19,15,8,3,12,13,5,6,0,1,0,0,19.83,19.14,0.89,19.94,19.03,1,40.00,40.00,19.83,40.00,19.61,40.00,40.00,19.14,40.00,40.00,19.20,40.00
04/04/17,Man United,Everton,1,1,D,0,1,A,18,11,3,4,10,18,6,5,1,4,0,1,20.58,20.87,-0.08,20.59,20.86,0,40.00,20.58,40.00,20.69,40.00,40.00,40.00,40.00,20.87,40.00,40.00,21.10
04/04/17,Watford,West Brom,2,0,H,1,0,H,9,18,2,2,11,14,5,6,1,4,1,0,19.45,19.96,-0.31,19.68,19.73,0,40.00,19.45,40.00,40.00,40.00,40.00,40.00,40.00,19.96,40.00,19.86,40.00
05/04/17,Arsenal,West Ham,3,0,H,0,0,D,21,7,8,2,11,5,5,0,2,2,0,0,20.21,19.49,0.92,20.42,19.28,1,40.00,20.21,40.00,40.00,40.00,20.18,40.00,40.00,40.00,19.49,19.60,40.00
05/04/17,Chelsea,Man City,2,1,H,2,1,H,10,17,4,7,10,14,2,9,1,3,0,0,20.96,20.65,0.52,21.01,20.60,1,40.00,40.00,40.00,20.96,40.00,40.00,40.00,20.65,40.00,40.00,20.68,40.00
05/04/17,Hull,Middlesbrough,4,2,H,3,2,H,17,12,5,4,13,12,8,4,2,1,0,0,19.33,19.33,0.21,19.51,19.15,1,40.00,40.00,40.00,19.33,40.00,40.00,40.00,19.33,40.00,40.00,19.32,40.00
05/04/17,Liverpool,Bournemouth,2,2,D,1,1,D,20,7,8,2,11,8,7,2,1,1,0,0,20.78,19.67,1.31,20.65,19.81,0,40.00,40.00,40.00,20.78,40.00,20.55,40.00,40.00,40.00,19.67,40.00,40.00
05/04/17,Southampton,Crystal Palace,3,1,H,1,1,D,25,17,9,3,16,11,11,11,2,1,0,0,19.93,19.86,0.27,20.10,19.69,1,40.00,40.00,40.00,19.93,40.00,19.98,40.00,40.00,40.00,40.00,19.86,40.00
05/04/17,Swansea,Tottenham,1,3,A,1,0,H,4,18,1,8,7,8,5,7,1,1,0,0,19.23,21.28,-1.85,19.22,21.30,1,40.00,40.00,19.23,40.00,40.00,40.00,40.00,40.00,40.00,40.00,40.00,21.28
08/04/17,Bournemouth,Chelsea,1,3,A,1,2,A,12,15,1,5,7,11,4,4,2,3,0,0,19.81,21.01,-1.00,19.71,21.11,1,19.81,40.00,40.00,19.67,40.00,40.00,40.00,21.01,40.00,40.00,40.00,20.96
08/04/17,Man City,Hull,3,1,H,1,0,H,23,6,7,1,6,8,7,3,0,2,0,0,20.60,19.51,1.28,20.67,19.44,1,40.00,20.60,40.00,20.65,40.00,40.00,40.00,19.51,40.00,40.00,40.00,19.33
08/04/17,Middlesbrough,Burnley,0,0,D,0,0,D,12,7,5,2,9,12,4,3,0,3,0,0,19.15,19.77,-0.42,19.19,19.73,0,40.00,19.15,40.00,19.33,40.00,40.00,40.00,40.00,40.00,19.77,40.00,40.00
08/04/17,Stoke,Liverpool,1,2,A,1,0,H,9,14,4,4,7,11,5,8,0,2,0,0,19.68,20.65,-0.78,19.66,20.68,1,40.00,40.00,40.00,19.68,40.00,19.77,40.00,20.65,40.00,40.00,40.00,20.78
08/04/17,Tottenham,Watford,4,0,H,3,0,H,19,8,6,2,12,12,7,5,0,1,0,0,21.30,19.68,1.82,21.52,19.46,1,40.00,21.30,40.00,40.00,40.00,40.00,40.00,40.00,19.68,40.00,19.45,40.00
08/04/17,West Brom,Southampton,0,1,A,0,1,A,17,10,6,3,12,12,7,3,2,2,0,0,19.73,20.10,-0.17,19.65,20.18,1,40.00,40.00,40.00,19.73,40.00,19.96,40.00,20.10,40.00,40.00,40.00,19.93
08/04/17,West Ham,Swansea,1,0,H,1,0,H,14,4,6,1,12,12,4,3,5,1,0,0,19.28,19.22,0.26,19.35,19.14,1,40.00,40.00,40.00,19.28,40.00,40.00,40.00,19.22,40.00,40.00,19.23,40.00
09/04/17,Everton,Leicester,4,2,H,3,2,H,12,6,7,4,8,15,4,6,2,2,0,0,20.86,19.94,1.12,20.95,19.85,1,40.00,40.00,40.00,40.00,20.86,40.00,40.00,40.00,40.00,40.00,19.94,40.00
09/04/17,Sunderland,Man United,0,3,A,0,1,A,9,18,4,9,14,20,4,5,1,5,1,0,19.03,20.59,-1.37,18.86,20.76,1,40.00,40.00,40.00,40.00,19.03,19.14,40.00,40.00,40.00,40.00,20.59,40.00
10/04/17,Crystal Palace,Arsenal,3,0,H,1,0,H,17,11,6,3,11,10,5,8,0,1,0,0,19.69,20.42,-0.53,20.04,20.06,0,40.00,40.00,40.00,19.69,40.00,40.00,40.00,40.00,40.00,40.00,20.42,20.21
15/04/17,Crystal Palace,Leicester,2,2,D,0,1,A,15,6,4,2,10,16,8,5,0,2,0,0,20.04,19.85,0.39,20.00,19.89,0,20.04,40.00,40.00,19.69,40.00,40.00,19.85,40.00,40.00,40.00,40.00,19.94
15/04/17,Everton,Burnley,3,1,H,0,0,D,29,13,7,6,15,14,6,7,2,0,0,0,20.95,19.73,1.42,21.01,19.67,1,20.95,40.00,40.00,40.00,40.00,20.86,40.00,40.00,19.73,40.00,40.00,19.77
15/04/17,Southampton,Man City,0,3,A,0,0,D,8,18,1,5,9,8,3,8,3,0,0,0,20.18,20.67,-0.29,19.91,20.94,1,40.00,20.18,40.00,20.10,40.00,40.00,40.00,40.00,20.67,40.00,20.60,40.00
15/04/17,Stoke,Hull,3,1,H,1,0,H,14,14,4,3,12,5,3,7,0,2,0,0,19.66,19.44,0.41,19.81,19.28,1,40.00,40.00,19.66,40.00,40.00,40.00,40.00,40.00,40.00,19.44,19.51,40.00
15/04/17,Sunderland,West Ham,2,2,D,1,1,D,14,7,4,3,14,10,8,1,1,0,0,1,18.86,19.35,-0.29,18.89,19.32,0,40.00,18.86,40.00,40.00,40.00,40.00,40.00,40.00,19.35,40.00,40.00,19.28
15/04/17,Tottenham,Bournemouth,4,0,H,2,0,H,24,5,14,1,8,10,13,1,0,1,0,0,21.52,19.71,2.01,21.72,19.51,1,40.00,40.00,21.52,40.00,21.30,40.00,40.00,40.00,40.00,40.00,19.71,19.81
15/04/17,Watford,Swansea,1,0,H,1,0,H,15,13,7,4,8,13,6,2,0,0,0,0,19.46,19.14,0.52,19.51,19.09,1,40.00,40.00,40.00,19.46,40.00,40.00,40.00,40.00,19.14,40.00,19.22,40.00
16/04/17,Man United,Chelsea,2,0,H,1,0,H,9,5,3,0,16,20,1,3,3,3,0,0,20.76,21.11,-0.15,20.97,20.89,0,40.00,40.00,20.76,40.00,40.00,40.00,40.00,40.00,40.00,40.00,21.11,40.00
16/04/17,West Brom,Liverpool,0,1,A,0,1,A,7,15,2,2,15,9,4,4,3,1,0,0,19.65,20.68,-0.83,19.63,20.69,1,40.00,40.00,40.00,19.65,40.00,40.00,40.00,40.00,40.00,40.00,20.68,20.65
17/04/17,Middlesbrough,Arsenal,1,2,A,0,1,A,13,12,5,4,11,16,2,4,2,2,0,0,19.19,20.06,-0.67,19.16,20.10,1,40.00,40.00,40.00,40.00,19.19,40.00,40.00,40.00,20.06,40.00,40.00,40.00
22/04/17,Bournemouth,Middlesbrough,4,0,H,2,0,H,20,5,10,2,4,14,4,3,0,2,0,1,19.51,19.16,0.55,19.85,18.81,1,40.00,19.51,40.00,40.00,40.00,19.71,19.16,40.00,40.00,40.00,19.19,40.00
22/04/17,Hull,Watford,2,0,H,0,0,D,8,13,3,2,10,11,4,7,3,1,1,0,19.28,19.51,-0.03,19.49,19.31,0,40.00,40.00,19.28,40.00,40.00,19.44,40.00,19.51,40.00,40.00,19.46,40.00
22/04/17,Swansea,Stoke,2,0,H,1,0,H,10,9,6,3,5,14,11,4,2,2,0,0,19.09,19.81,-0.52,19.35,19.56,0,40.00,19.09,40.00,40.00,19.14,40.00,40.00,40.00,19.81,40.00,40.00,19.66
22/04/17,West Ham,Everton,0,0,D,0,0,D,15,4,3,0,9,15,8,4,2,3,0,0,19.32,21.01,-1.48,19.47,20.86,0,40.00,40.00,19.32,40.00,19.35,40.00,40.00,40.00,40.00,21.01,20.95,40.00
23/04/17,Burnley,Man United,0,2,A,0,2,A,8,12,0,6,17,16,3,3,2,1,0,0,19.67,20.97,-1.10,19.58,21.06,1,40.00,40.00,40.00,19.67,40.00,40.00,40.00,20.97,40.00,40.00,20.76,40.00
23/04/17,Liverpool,Crystal Palace,1,2,A,1,1,D,14,7,1,3,8,10,4,3,1,2,0,0,20.69,20.00,0.89,20.50,20.19,0,40.00,20.69,40.00,40.00,40.00,40.00,40.00,40.00,40.00,40.00,20.00,40.00
25/04/17,Chelsea,Southampton,4,2,H,2,1,H,17,12,7,4,13,9,6,7,2,2,0,0,20.89,19.91,1.18,20.98,19.83,1,40.00,40.00,20.89,40.00,40.00,40.00,40.00,40.00,40.00,19.91,40.00,20.18
26/04/17,Arsenal,Leicester,1,0,H,0,0,D,12,7,5,3,9,13,12,1,2,4,0,0,20.10,19.89,0.41,20.16,19.83,1,40.00,40.00,20.10,40.00,40.00,20.06,40.00,40.00,40.00,40.00,19.89,19.85
26/04/17,Crystal Palace,Tottenham,0,1,A,0,0,D,6,18,1,4,13,15,2,11,3,3,0,0,20.19,21.72,-1.33,20.22,21.68,1,20.19,40.00,40.00,40.00,20.00,20.04,40.00,40.00,40.00,21.72,40.00,40.00
26/04/17,Middlesbrough,Sunderland,1,0,H,1,0,H,6,10,2,4,15,11,3,5,3,3,0,0,18.81,18.89,0.12,18.90,18.80,1,40.00,40.00,18.81,40.00,40.00,40.00,40.00,40.00,40.00,40.00,18.89,18.86
27/04/17,Man City,Man United,0,0,D,0,0,D,19,3,6,1,10,8,7,4,1,0,0,1,20.94,21.06,0.08,20.93,21.07,0,40.00,40.00,40.00,40.00,40.00,20.94,40.00,21.06,40.00,20.97,40.00,40.00
29/04/17,Crystal Palace,Burnley,0,2,A,0,1,A,15,9,5,3,11,12,14,4,2,0,0,0,20.22,19.58,0.84,19.94,19.86,0,20.22,20.19,40.00,40.00,40.00,20.00,40.00,19.58,40.00,40.00,40.00,19.67
29/04/17,Southampton,Hull,0,0,D,0,0,D,11,9,2,1,9,13,6,6,0,3,0,0,19.83,19.49,0.54,19.77,19.54,0,40.00,19.83,40.00,40.00,40.00,19.91,40.00,40.00,19.49,40.00,40.00,19.28
29/04/17,Stoke,West Ham,0,0,D,0,0,D,19,12,4,4,12,3,5,3,1,0,0,0,19.56,19.47,0.29,19.53,19.50,0,40.00,40.00,40.00,19.56,40.00,19.81,40.00,40.00,19.47,40.00,40.00,19.32
29/04/17,Sunderland,Bournemouth,0,1,A,0,0,D,17,15,5,7,13,9,6,5,3,2,0,0,18.80,19.85,-0.85,18.79,19.87,1,40.00,18.80,40.00,40.00,40.00,18.89,40.00,40.00,40.00,19.85,40.00,19.51
29/04/17,West Brom,Leicester,0,1,A,0,1,A,16,6,4,1,14,9,5,6,2,2,0,0,19.63,19.83,0.00,19.53,19.93,1,40.00,40.00,40.00,40.00,19.63,40.00,40.00,40.00,19.83,40.00,40.00,40.00
30/04/17,Everton,Chelsea,0,3,A,0,0,D,12,11,4,5,13,11,2,4,3,4,0,0,20.86,20.98,0.08,20.55,21.28,0,40.00,40.00,40.00,20.86,40.00,40.00,40.00,40.00,20.98,40.00,40.00,20.89
30/04/17,Man United,Swansea,1,1,D,1,0,H,12,12,6,4,11,13,5,2,2,2,0,0,21.07,19.35,1.92,20.88,19.54,0,40.00,21.07,40.00,21.06,40.00,20.97,40.00,40.00,40.00,40.00,19.35,19.09
30/04/17,Middlesbrough,Man City,2,2,D,1,0,H,14,22,6,4,9,9,4,11,4,4,0,0,18.90,20.93,-1.83,19.08,20.75,0,40.00,40.00,18.90,40.00,40.00,18.81,40.00,40.00,20.93,40.00,40.00,40.00
30/04/17,Tottenham,Arsenal,2,0,H,0,0,D,20,12,11,4,7,15,14,5,1,3,0,0,21.68,20.16,1.73,21.71,20.13,1,40.00,40.00,40.00,21.68,40.00,40.00,40.00,40.00,40.00,20.16,40.00,20.10
01/05/17,Watford,Liverpool,0,1,A,0,1,A,9,12,2,8,11,9,3,5,3,1,0,0,19.31,20.50,-0.99,19.31,20.50,1,40.00,40.00,40.00,40.00,40.00,19.31,40.00,40.00,40.00,40.00,20.50,40.00
05/05/17,West Ham,Tottenham,1,0,H,0,0,D,13,11,5,5,8,9,3,7,4,2,0,0,19.50,21.71,-2.01,19.80,21.41,0,40.00,40.00,19.50,40.00,19.47,40.00,21.71,40.00,40.00,21.68,40.00,40.00
06/05/17,Bournemouth,Stoke,2,2,D,0,1,A,12,14,2,3,10,15,0,7,2,0,0,0,19.87,19.53,0.53,19.81,19.59,0,40.00,40.00,19.87,40.00,40.00,40.00,40.00,40.00,19.53,40.00,40.00,19.56
06/05/17,Burnley,West Brom,2,2,D,0,0,D,14,11,4,3,9,14,5,8,1,3,0,0,19.86,19.53,0.54,19.81,19.58,0,40.00,40.00,40.00,19.86,40.00,19.58,40.00,40.00,19.53,40.00,40.00,40.00
06/05/17,Hull,Sunderland,0,2,A,0,0,D,16,12,6,5,10,8,7,4,3,1,0,0,19.54,18.79,0.95,19.25,19.08,0,40.00,40.00,40.00,19.54,40.00,40.00,40.00,40.00,18.79,40.00,18.80,40.00
06/05/17,Leicester,Watford,3,0,H,1,0,H,11,14,5,7,8,10,10,1,0,0,0,0,19.93,19.31,0.82,20.15,19.09,1,40.00,40.00,19.93,40.00,40.00,19.83,40.00,19.31,40.00,40.00,40.00,40.00
06/05/17,Man City,Crystal Palace,5,0,H,1,0,H,26,5,12,2,12,8,9,3,1,3,0,0,20.75,19.94,1.01,21.15,19.54,1,40.00,40.00,20.75,40.00,20.93,40.00,40.00,40.00,40.00,40.00,19.94,20.19
06/05/17,Swansea,Everton,1,0,H,1,0,H,9,8,4,2,5,13,9,5,0,0,0,0,19.54,20.55,-0.81,19.72,20.37,0,40.00,40.00,19.54,40.00,40.00,40.00,40.00,40.00,20.55,40.00,40.00,40.00
07/05/17,Arsenal,Man United,2,0,H,0,0,D,9,10,4,4,14,10,5,9,1,0,0,0,20.13,20.88,-0.55,20.38,20.62,0,40.00,40.00,20.13,40.00,40.00,20.16,40.00,40.00,20.88,40.00,40.00,21.07
07/05/17,Liverpool,Southampton,0,0,D,0,0,D,17,4,8,0,9,4,3,6,1,3,0,0,20.50,19.77,0.93,20.41,19.87,0,40.00,40.00,20.50,40.00,40.00,40.00,40.00,40.00,40.00,40.00,19.77,40.00
08/05/17,Chelsea,Middlesbrough,3,0,H,2,0,H,21,2,7,1,8,21,8,1,0,2,0,0,21.28,19.08,2.40,21.34,19.02,1,40.00,40.00,40.00,21.28,40.00,40.00,40.00,40.00,40.00,19.08,40.00,18.90
10/05/17,Southampton,Arsenal,0,2,A,0,0,D,14,11,3,4,5,5,8,5,1,2,0,0,19.87,20.38,-0.32,19.70,20.55,1,19.87,40.00,40.00,40.00,40.00,19.77,20.38,40.00,40.00,20.13,40.00,40.00
12/05/17,Everton,Watford,1,0,H,0,0,D,15,14,6,2,7,11,9,8,0,3,0,0,20.37,19.09,1.48,20.32,19.14,1,40.00,20.37,40.00,40.00,20.55,40.00,40.00,19.09,40.00,19.31,40.00,40.00
12/05/17,West Brom,Chelsea,0,1,A,0,0,D,7,24,2,5,13,8,5,8,3,0,0,0,19.58,21.34,-1.56,19.64,21.29,1,40.00,40.00,19.58,40.00,19.53,40.00,21.34,40.00,40.00,40.00,21.28,40.00
13/05/17,Bournemouth,Burnley,2,1,H,1,0,H,18,14,6,3,6,11,7,1,0,1,0,0,19.81,19.81,0.20,19.89,19.73,1,40.00,40.00,40.00,19.81,40.00,19.87,40.00,40.00,19.81,40.00,40.00,40.00
13/05/17,Man City,Leicester,2,1,H,2,1,H,17,9,5,4,12,16,9,3,3,3,0,0,21.15,20.15,1.20,21.13,20.17,1,40.00,40.00,21.15,40.00,20.75,40.00,40.00,40.00,20.15,40.00,40.00,19.93
13/05/17,Middlesbrough,Southampton,1,2,A,0,1,A,14,14,3,4,19,11,6,3,3,0,0,0,19.02,19.70,-0.47,18.97,19.75,1,40.00,19.02,40.00,40.00,19.08,40.00,40.00,19.70,40.00,40.00,40.00,40.00
13/05/17,Stoke,Arsenal,1,4,A,0,1,A,10,10,4,6,13,7,7,6,1,2,0,0,19.59,20.55,-0.76,19.36,20.78,1,40.00,40.00,40.00,40.00,19.59,40.00,40.00,20.55,20.38,40.00,40.00,20.13
13/05/17,Sunderland,Swansea,0,2,A,0,2,A,13,3,4,3,13,6,8,4,4,0,0,0,19.08,19.72,-0.44,18.93,19.88,1,40.00,40.00,40.00,19.08,40.00,40.00,40.00,40.00,19.72,40.00,40.00,19.54
14/05/17,Crystal Palace,Hull,4,0,H,2,0,H,12,9,4,0,13,14,3,7,3,5,0,0,19.54,19.25,0.49,19.89,18.89,1,40.00,40.00,40.00,19.54,40.00,40.00,40.00,40.00,40.00,40.00,19.25,40.00
14/05/17,Tottenham,Man United,2,1,H,1,0,H,14,8,7,2,14,15,8,3,1,2,0,0,21.41,20.62,0.99,21.41,20.62,1,40.00,40.00,40.00,40.00,40.00,21.41,40.00,40.00,40.00,20.62,40.00,40.00
14/05/17,West Ham,Liverpool,0,4,A,0,1,A,10,26,3,11,5,10,4,6,2,0,0,0,19.80,20.41,-0.41,19.44,20.77,1,40.00,40.00,40.00,40.00,40.00,19.80,40.00,40.00,40.00,20.41,40.00,20.50
15/05/17,Chelsea,Watford,4,3,H,2,1,H,24,9,9,3,7,12,8,3,2,4,0,1,21.29,19.14,2.35,21.15,19.27,1,40.00,40.00,21.29,21.34,40.00,40.00,40.00,40.00,19.14,40.00,19.09,40.00
16/05/17,Arsenal,Sunderland,2,0,H,0,0,D,36,6,13,2,15,10,17,3,4,2,0,0,20.78,18.93,2.05,20.77,18.93,1,40.00,20.78,40.00,20.55,20.38,40.00,40.00,18.93,40.00,40.00,40.00,19.08
16/05/17,Man City,West Brom,3,1,H,2,0,H,21,5,10,2,8,11,7,1,1,2,0,0,21.13,19.64,1.69,21.16,19.61,1,40.00,40.00,21.13,40.00,21.15,40.00,40.00,40.00,19.64,40.00,40.00,19.58
17/05/17,Southampton,Man United,0,0,D,0,0,D,17,11,6,1,7,10,7,3,2,1,0,0,19.75,20.62,-0.67,19.82,20.55,0,40.00,40.00,19.75,19.70,19.87,40.00,40.00,20.62,40.00,40.00,20.62,40.00
18/05/17,Leicester,Tottenham,1,6,A,0,2,A,12,26,5,12,11,8,4,4,3,1,0,0,20.17,21.41,-1.04,19.77,21.81,1,40.00,40.00,40.00,20.17,40.00,20.15,40.00,21.41,40.00,40.00,40.00,40.00
21/05/17,Arsenal,Everton,3,1,H,2,0,H,17,22,9,7,10,15,4,6,2,4,1,0,20.77,20.32,0.65,20.91,20.19,1,20.77,40.00,20.78,40.00,20.55,20.38,40.00,40.00,40.00,40.00,20.32,20.37
21/05/17,Burnley,West Ham,1,2,A,1,1,D,9,14,1,4,11,14,2,5,2,2,0,0,19.73,19.44,0.49,19.58,19.59,0,40.00,40.00,40.00,19.73,40.00,40.00,40.00,19.44,40.00,40.00,40.00,40.00
21/05/17,Chelsea,Sunderland,5,1,H,1,1,D,28,7,8,3,8,15,11,1,1,1,0,0,21.15,18.93,2.42,21.31,18.77,1,40.00,21.15,40.00,40.00,21.29,21.34,40.00,18.93,18.93,40.00,40.00,40.00
21/05/17,Hull,Tottenham,1,7,A,0,3,A,10,19,4,14,14,5,2,3,0,0,0,0,18.89,21.81,-2.71,18.57,22.14,1,40.00,40.00,40.00,18.89,40.00,40.00,40.00,21.81,21.41,40.00,40.00,40.00
21/05/17,Leicester,Bournemouth,1,1,D,0,1,A,21,10,5,4,11,10,9,1,4,1,0,0,19.77,19.89,0.08,19.76,19.90,0,40.00,19.77,40.00,40.00,20.17,40.00,40.00,40.00,40.00,40.00,19.89,40.00
21/05/17,Liverpool,Middlesbrough,3,0,H,1,0,H,25,9,10,3,13,8,3,3,0,1,0,0,20.77,18.97,2.00,20.87,18.87,1,40.00,40.00,40.00,20.77,40.00,40.00,40.00,40.00,40.00,40.00,18.97,40.00
21/05/17,Man United,Crystal Palace,2,0,H,2,0,H,9,6,2,1,16,10,3,6,2,0,0,0,20.55,19.89,0.86,20.67,19.78,1,40.00,40.00,20.55,20.62,40.00,40.00,40.00,40.00,40.00,19.89,40.00,40.00
21/05/17,Southampton,Stoke,0,1,A,0,0,D,14,14,6,3,12,10,4,10,2,4,0,0,19.82,19.36,0.66,19.65,19.53,0,40.00,40.00,19.82,40.00,40.00,19.75,40.00,40.00,40.00,40.00,19.36,40.00
21/05/17,Swansea,West Brom,2,1,H,0,1,A,12,16,2,5,8,10,7,4,1,1,0,0,19.88,19.61,0.47,19.93,19.55,1,40.00,40.00,40.00,40.00,19.88,40.00,40.00,40.00,40.00,19.61,40.00,40.00
21/05/17,Watford,Man City,0,5,A,0,4,A,6,15,3,9,12,10,4,5,1,0,0,0,19.27,21.16,-1.69,18.94,21.49,1,40.00,40.00,40.00,19.27,40.00,40.00,40.00,40.00,40.00,21.16,40.00,21.13
