Date,HomeTeam,AwayTeam,FTHG,FTAG,FTR,HTHG,HTAG,HTR,HS,AS,HST,AST,HF,AF,HC,AC,HY,AY,HR,AR,HomeRating,AwayRating,Difference,CorrPred,HomeTeamLeaguePos,HomeTeamPoints,HomeTeamGamesPlayed,HomeTeamGoalDifference,HomeTeamGoalsFor,HomeTeamGoalsAgainst,HomeTeamWon,HomeTeamLost,HomeTeamDrawn,HomeTeamHomePoints,HomeTeamHomeGamesPlayed,HomeTeamHomeGoalDifference,HomeTeamHomeGoalsFor,HomeTeamHomeGoalsAgainst,HomeTeamHomeWon,HomeTeamHomeLost,HomeTeamHomeDrawn,HomeTeamAwayPoints,HomeTeamAwayGamesPlayed,HomeTeamAwayGoalDifference,HomeTeamAwayGoalsFor,HomeTeamAwayGoalsAgainst,HomeTeamAwayWon,HomeTeamAwayLost,HomeTeamAwayDrawn,AwayTeamLeaguePos,AwayTeamPoints,AwayTeamGamesPlayed,AwayTeamGoalDifference,AwayTeamGoalsFor,AwayTeamGoalsAgainst,AwayTeamWon,AwayTeamLost,AwayTeamDrawn,AwayTeamHomePoints,AwayTeamHomeGamesPlayed,AwayTeamHomeGoalDifference,AwayTeamHomeGoalsFor,AwayTeamHomeGoalsAgainst,AwayTeamHomeWon,AwayTeamHomeLost,AwayTeamHomeDrawn,AwayTeamAwayPoints,AwayTeamAwayGamesPlayed,AwayTeamAwayGoalDifference,AwayTeamAwayGoalsFor,AwayTeamAwayGoalsAgainst,AwayTeamAwayWon,AwayTeamAwayLost,AwayTeamAwayDrawn,HTHomeTeamLeaguePos,HTHomeTeamPoints,HTHomeTeamGamesPlayed,HTHomeTeamGoalDifference,HTHomeTeamGoalsFor,HTHomeTeamGoalsAgainst,HTHomeTeamWon,HTHomeTeamLost,HTHomeTeamDrawn,HTHomeTeamHomePoints,HTHomeTeamHomeGamesPlayed,HTHomeTeamHomeGoalDifference,HTHomeTeamHomeGoalsFor,HTHomeTeamHomeGoalsAgainst,HTHomeTeamHomeWon,HTHomeTeamHomeLost,HTHomeTeamHomeDrawn,HTHomeTeamAwayPoints,HTHomeTeamAwayGamesPlayed,HTHomeTeamAwayGoalDifference,HTHomeTeamAwayGoalsFor,HTHomeTeamAwayGoalsAgainst,HTHomeTeamAwayWon,HTHomeTeamAwayLost,HTHomeTeamAwayDrawn,HTAwayTeamLeaguePos,HTAwayTeamPoints,HTAwayTeamGamesPlayed,HTAwayTeamGoalDifference,HTAwayTeamGoalsFor,HTAwayTeamGoalsAgainst,HTAwayTeamWon,HTAwayTeamLost,HTAwayTeamDrawn,HTAwayTeamHomePoints,HTAwayTeamHomeGamesPlayed,HTAwayTeamHomeGoalDifference,HTAwayTeamHomeGoalsFor,HTAwayTeamHomeGoalsAgainst,HTAwayTeamHomeWon,HTAwayTeamHomeLost,HTAwayTeamHomeDrawn,HTAwayTeamAwayPoints,HTAwayTeamAwayGamesPlayed,HTAwayTeamAwayGoalDifference,HTAwayTeamAwayGoalsFor,HTAwayTeamAwayGoalsAgainst,HTAwayTeamAwayWon,HTAwayTeamAwayLost,HTAwayTeamAwayDrawn,Form,PPower
2016-09-24,Middlesbrough,Tottenham,1,2,A,0,2,A,6,19,2,5,14,9,2,10,2,1,0,0,19.82,20.42,-0.4,1,13,5,5,0,5,7,1,2,2,1,2,0,2,3,0,1,1,1,2,0,2,3,0,1,1,3,11,5,5,8,2,3,0,2,4,2,0,5,1,1,0,1,4,2,0,5,1,1,0,1,12,5,5,0,3,5,1,1,2,1,2,3,0,2,0,1,1,1,2,3,0,2,0,1,1,4,11,10,1,8,9,2,1,5,3,2,-1,1,1,1,1,0,3,2,-1,1,1,1,1,0,12,3.9166666666666665
2016-09-24,Stoke,West Brom,1,1,D,0,0,D,12,9,2,3,9,13,6,6,3,4,0,0,19.07,20.03,-0.76,0,20,1,5,-8,3,14,0,8,1,0,2,-3,1,8,0,2,0,0,2,-3,1,8,0,2,0,11,7,5,-1,6,5,2,2,1,3,2,1,1,1,1,1,0,3,2,1,1,1,1,1,0,5,9,9,1,3,6,2,2,3,8,6,0,3,3,2,2,2,8,6,0,3,3,2,2,2,19,2,2,0,0,0,0,0,2,2,2,0,0,0,0,0,2,2,2,0,0,0,0,0,2,0,2.0
2016-09-24,Sunderland,Crystal Palace,2,3,A,1,0,H,11,20,4,4,15,12,3,5,0,2,0,0,19.55,20.15,-0.4,1,19,1,5,-5,3,9,0,4,1,0,2,-1,1,5,0,2,0,0,2,-1,1,5,0,2,0,10,7,5,-1,7,5,2,3,1,3,2,-1,2,2,1,1,0,3,2,-1,2,2,1,1,0,16,3,4,-1,0,1,0,1,3,1,1,0,0,0,0,0,1,1,1,0,0,0,0,0,1,18,2,2,0,1,1,0,0,2,2,2,0,1,1,0,0,2,2,2,0,1,1,0,0,2,2,1.7666666666666668
2016-09-24,Swansea,Man City,1,3,A,1,1,D,13,18,5,4,15,9,2,7,2,4,0,0,19.77,20.95,-0.98,1,15,4,5,-2,4,7,1,3,1,1,2,-2,2,4,0,1,1,1,2,-2,2,4,0,1,1,1,15,5,7,15,4,5,0,0,6,2,3,6,2,2,0,0,6,2,3,6,2,2,0,0,2,14,8,6,9,3,4,1,2,12,5,0,9,2,4,1,0,12,5,0,9,2,4,1,0,9,6,2,2,4,1,2,0,0,6,2,2,4,1,2,0,0,6,2,2,4,1,2,0,0,16,3.1666666666666665
2016-09-24,Bournemouth,Everton,1,0,H,1,0,H,12,13,1,2,10,14,5,3,2,2,0,0,19.55,20.57,-0.82,0,16,4,5,-2,3,9,1,8,1,3,2,-2,2,3,1,1,0,3,2,-2,2,3,1,1,0,2,13,5,5,10,3,4,0,1,6,2,1,5,1,2,0,0,6,2,1,5,1,2,0,0,11,5,4,1,1,2,1,1,2,1,1,0,0,0,0,0,1,1,1,0,0,0,0,0,1,17,2,2,0,1,1,0,0,2,2,2,0,1,1,0,0,2,2,2,0,1,1,0,0,2,5,1.6333333333333335
2016-09-24,Man United,Leicester,4,1,H,4,0,H,16,10,7,3,9,12,8,6,0,2,0,0,20.15,19.99,0.36,1,7,9,5,4,8,6,3,2,0,3,2,2,3,2,1,1,0,3,2,2,3,2,1,1,0,12,7,5,-3,7,7,2,2,1,0,2,-1,2,6,0,2,0,0,2,-1,2,6,0,2,0,14,4,3,1,1,1,1,1,1,0,0,0,0,0,0,0,0,0,0,0,0,0,0,0,0,6,9,10,-3,4,8,2,2,3,0,2,-1,1,3,0,2,0,0,2,-1,1,3,0,2,0,8,3.233333333333333
2016-09-24,Bournemouth,Everton,1,0,H,1,0,H,12,13,1,2,10,14,5,3,2,2,0,0,19.55,20.57,-0.82,0,16,4,5,-2,3,9,1,8,1,3,2,-2,2,3,1,1,0,3,2,-2,2,3,1,1,0,2,13,5,5,10,3,4,0,1,6,2,1,5,1,2,0,0,6,2,1,5,1,2,0,0,11,5,4,1,1,2,1,1,2,1,1,0,0,0,0,0,1,1,1,0,0,0,0,0,1,17,2,2,0,1,1,0,0,2,2,2,0,1,1,0,0,2,2,2,0,1,1,0,0,2,16,2.75
2016-09-24,Middlesbrough,Tottenham,1,2,A,0,2,A,6,19,2,5,14,9,2,10,2,1,0,0,19.82,20.42,-0.4,1,13,5,5,0,5,7,1,2,2,1,2,0,2,3,0,1,1,1,2,0,2,3,0,1,1,3,11,5,5,8,2,3,0,2,4,2,0,5,1,1,0,1,4,2,0,5,1,1,0,1,12,5,5,0,3,5,1,1,2,1,2,3,0,2,0,1,1,1,2,3,0,2,0,1,1,4,11,10,1,8,9,2,1,5,3,2,-1,1,1,1,1,0,3,2,-1,1,1,1,1,0,7,1.6500000000000001
2016-09-24,Sunderland,Crystal Palace,2,3,A,1,0,H,11,20,4,4,15,12,3,5,0,2,0,0,19.55,20.15,-0.4,1,19,1,5,-5,3,9,0,4,1,0,2,-1,1,5,0,2,0,0,2,-1,1,5,0,2,0,10,7,5,-1,7,5,2,3,1,3,2,-1,2,2,1,1,0,3,2,-1,2,2,1,1,0,16,3,4,-1,0,1,0,1,3,1,1,0,0,0,0,0,1,1,1,0,0,0,0,0,1,18,2,2,0,1,1,0,0,2,2,2,0,1,1,0,0,2,2,2,0,1,1,0,0,2,9,2.8833333333333333
2016-09-24,Liverpool,Hull,5,1,H,3,0,H,32,2,12,1,8,8,13,2,1,2,0,1,20.37,19.85,0.72,1,6,10,5,2,11,8,3,1,1,3,1,0,4,1,1,0,0,3,1,0,4,1,1,0,0,8,7,5,2,6,7,2,2,1,4,2,2,3,1,1,0,1,4,2,2,3,1,1,0,1,8,7,4,-1,4,3,2,1,1,0,0,0,0,0,0,0,0,0,0,0,0,0,0,0,0,20,11,5,1,7,0,3,0,2,2,2,0,0,0,0,0,2,2,2,0,0,0,0,0,2,7,1.7166666666666668
2016-09-24,Stoke,West Brom,1,1,D,0,0,D,12,9,2,3,9,13,6,6,3,4,0,0,19.07,20.03,-0.76,0,20,1,5,-8,3,14,0,8,1,0,2,-3,1,8,0,2,0,0,2,-3,1,8,0,2,0,11,7,5,-1,6,5,2,2,1,3,2,1,1,1,1,1,0,3,2,1,1,1,1,1,0,5,9,9,1,3,6,2,2,3,8,6,0,3,3,2,2,2,8,6,0,3,3,2,2,2,19,2,2,0,0,0,0,0,2,2,2,0,0,0,0,0,2,2,2,0,0,0,0,0,2,4,1.9833333333333332
2016-09-24,Man United,Leicester,4,1,H,4,0,H,16,10,7,3,9,12,8,6,0,2,0,0,20.15,19.99,0.36,1,7,9,5,4,8,6,3,2,0,3,2,2,3,2,1,1,0,3,2,2,3,2,1,1,0,12,7,5,-3,7,7,2,2,1,0,2,-1,2,6,0,2,0,0,2,-1,2,6,0,2,0,14,4,3,1,1,1,1,1,1,0,0,0,0,0,0,0,0,0,0,0,0,0,0,0,0,6,9,10,-3,4,8,2,2,3,0,2,-1,1,3,0,2,0,0,2,-1,1,3,0,2,0,7,2.216666666666667
2016-09-24,Swansea,Man City,1,3,A,1,1,D,13,18,5,4,15,9,2,7,2,4,0,0,19.77,20.95,-0.98,1,15,4,5,-2,4,7,1,3,1,1,2,-2,2,4,0,1,1,1,2,-2,2,4,0,1,1,1,15,5,7,15,4,5,0,0,6,2,3,6,2,2,0,0,6,2,3,6,2,2,0,0,2,14,8,6,9,3,4,1,2,12,5,0,9,2,4,1,0,12,5,0,9,2,4,1,0,9,6,2,2,4,1,2,0,0,6,2,2,4,1,2,0,0,6,2,2,4,1,2,0,0,1,1.5666666666666664
2016-09-24,Arsenal,Chelsea,3,0,H,3,0,H,14,9,5,2,9,11,9,1,0,2,0,0,20.49,20.28,0.41,1,5,10,5,2,12,7,3,2,1,3,2,-1,5,5,1,1,0,3,2,-1,5,5,1,1,0,4,10,5,5,10,6,3,1,1,4,2,1,4,3,1,0,1,4,2,1,4,3,1,0,1,7,8,5,2,5,2,2,0,2,1,2,0,1,2,0,1,1,1,2,0,1,2,0,1,1,3,12,9,0,4,3,2,0,6,4,2,0,1,0,1,0,1,4,2,0,1,0,1,0,1,15,2.9166666666666665
2016-09-24,Liverpool,Hull,5,1,H,3,0,H,32,2,12,1,8,8,13,2,1,2,0,1,20.37,19.85,0.72,1,6,10,5,2,11,8,3,1,1,3,1,0,4,1,1,0,0,3,1,0,4,1,1,0,0,8,7,5,2,6,7,2,2,1,4,2,2,3,1,1,0,1,4,2,2,3,1,1,0,1,8,7,4,-1,4,3,2,1,1,0,0,0,0,0,0,0,0,0,0,0,0,0,0,0,0,20,11,5,1,7,0,3,0,2,2,2,0,0,0,0,0,2,2,2,0,0,0,0,0,2,10,2.9499999999999997
2016-09-24,Arsenal,Chelsea,3,0,H,3,0,H,14,9,5,2,9,11,9,1,0,2,0,0,20.49,20.28,0.41,1,5,10,5,2,12,7,3,2,1,3,2,-1,5,5,1,1,0,3,2,-1,5,5,1,1,0,4,10,5,5,10,6,3,1,1,4,2,1,4,3,1,0,1,4,2,1,4,3,1,0,1,7,8,5,2,5,2,2,0,2,1,2,0,1,2,0,1,1,1,2,0,1,2,0,1,1,3,12,9,0,4,3,2,0,6,4,2,0,1,0,1,0,1,4,2,0,1,0,1,0,1,10,3.35
2016-09-25,West Ham,Southampton,0,3,A,0,1,A,13,18,1,9,9,14,6,2,5,2,0,0,19.46,19.85,-0.19,1,18,3,5,-4,7,13,1,5,0,3,2,1,3,4,1,1,0,3,2,1,3,4,1,1,0,15,5,5,-3,4,6,1,2,2,0,2,-2,1,4,0,2,0,0,2,-2,1,4,0,2,0,2,15,10,1,4,6,4,2,3,14,7,0,4,1,4,1,2,14,7,0,4,1,4,1,2,11,5,4,1,3,2,1,1,2,1,2,-1,1,2,0,1,1,1,2,-1,1,2,0,1,1,4,2.3833333333333333
2016-09-25,West Ham,Southampton,0,3,A,0,1,A,13,18,1,9,9,14,6,2,5,2,0,0,19.46,19.85,-0.19,1,18,3,5,-4,7,13,1,5,0,3,2,1,3,4,1,1,0,3,2,1,3,4,1,1,0,15,5,5,-3,4,6,1,2,2,0,2,-2,1,4,0,2,0,0,2,-2,1,4,0,2,0,2,15,10,1,4,6,4,2,3,14,7,0,4,1,4,1,2,14,7,0,4,1,4,1,2,11,5,4,1,3,2,1,1,2,1,2,-1,1,2,0,1,1,1,2,-1,1,2,0,1,1,3,3.0666666666666664
2016-09-26,Burnley,Watford,2,0,H,1,0,H,13,12,4,3,11,15,7,6,1,3,0,0,19.54,20.15,-0.41,0,16,4,5,-2,3,8,1,4,1,4,3,1,3,2,1,1,1,4,3,1,3,2,1,1,1,12,7,5,-1,10,9,2,2,1,4,2,0,5,3,1,0,1,4,2,0,5,3,1,0,1,17,3,3,-1,1,3,1,2,0,3,1,0,1,0,1,0,0,3,1,0,1,0,1,0,0,14,4,2,1,3,2,1,0,1,4,2,1,3,2,1,0,1,4,2,1,3,2,1,0,1,8,1.6333333333333335
2016-09-26,Burnley,Watford,2,0,H,1,0,H,13,12,4,3,11,15,7,6,1,3,0,0,19.54,20.15,-0.41,0,16,4,5,-2,3,8,1,4,1,4,3,1,3,2,1,1,1,4,3,1,3,2,1,1,1,12,7,5,-1,10,9,2,2,1,4,2,0,5,3,1,0,1,4,2,0,5,3,1,0,1,17,3,3,-1,1,3,1,2,0,3,1,0,1,0,1,0,0,3,1,0,1,0,1,0,0,14,4,2,1,3,2,1,0,1,4,2,1,3,2,1,0,1,4,2,1,3,2,1,0,1,4,1.5166666666666666
2016-09-30,Everton,Crystal Palace,1,1,D,1,0,H,13,10,3,2,16,11,10,9,5,4,0,0,20.39,20.21,0.38,0,3,13,6,7,10,4,4,1,1,7,3,1,5,2,2,0,1,7,3,1,5,2,2,0,1,8,10,6,2,10,7,3,3,1,6,3,0,5,4,2,1,0,6,3,0,5,4,2,1,0,20,2,3,0,1,2,0,1,2,0,0,0,0,0,0,0,0,0,0,0,0,0,0,0,0,14,5,5,-2,2,3,1,1,2,2,3,0,1,2,0,1,2,2,3,0,1,2,0,1,2,14,3.9333333333333336
2016-09-30,Everton,Crystal Palace,1,1,D,1,0,H,13,10,3,2,16,11,10,9,5,4,0,0,20.39,20.21,0.38,0,3,13,6,7,10,4,4,1,1,7,3,1,5,2,2,0,1,7,3,1,5,2,2,0,1,8,10,6,2,10,7,3,3,1,6,3,0,5,4,2,1,0,6,3,0,5,4,2,1,0,20,2,3,0,1,2,0,1,2,0,0,0,0,0,0,0,0,0,0,0,0,0,0,0,0,14,5,5,-2,2,3,1,1,2,2,3,0,1,2,0,1,2,2,3,0,1,2,0,1,2,16,3.3499999999999996
2016-10-01,Swansea,Liverpool,1,2,A,1,0,H,8,18,3,6,11,9,3,10,2,2,0,0,19.67,20.7,-0.83,1,17,4,6,-3,5,10,1,4,1,1,3,-2,3,7,0,2,1,1,3,-2,3,7,0,2,1,5,13,6,3,16,9,4,1,1,7,4,-1,7,7,2,1,1,7,4,-1,7,7,2,1,1,3,14,8,6,9,3,4,1,2,12,5,0,9,2,4,1,0,12,5,0,9,2,4,1,0,11,7,4,-1,4,3,2,1,1,7,4,-1,4,3,2,1,1,7,4,-1,4,3,2,1,1,1,2.0
2016-10-01,Sunderland,West Brom,1,1,D,0,1,A,7,17,2,7,7,13,6,5,1,3,0,0,19.49,19.95,-0.26,0,20,1,6,-6,5,12,0,6,1,0,3,-4,3,8,0,3,0,0,3,-4,3,8,0,3,0,9,8,6,1,7,6,2,2,2,4,3,0,2,2,1,1,1,4,3,0,2,2,1,1,1,20,4,5,7,0,1,0,1,4,2,2,10,0,0,0,0,2,2,2,10,0,0,0,0,2,18,3,3,0,0,0,0,0,3,3,3,0,0,0,0,0,3,3,3,0,0,0,0,0,3,6,2.3833333333333333
2016-10-01,Hull,Chelsea,0,2,A,0,0,D,8,22,3,9,13,15,5,7,2,2,0,0,19.53,20.02,-0.3,1,13,7,6,-1,7,12,2,3,1,3,3,0,3,6,1,2,0,3,3,0,3,6,1,2,0,8,10,6,4,10,9,3,2,1,4,3,1,4,6,1,1,1,4,3,1,4,6,1,1,1,1,19,11,6,13,6,5,1,4,17,8,7,13,3,5,1,2,17,8,7,13,3,5,1,2,5,12,10,1,4,6,2,1,6,4,3,1,1,3,1,1,1,4,3,1,1,3,1,1,1,7,1.8
2016-10-01,Hull,Chelsea,0,2,A,0,0,D,8,22,3,9,13,15,5,7,2,2,0,0,19.53,20.02,-0.3,1,13,7,6,-1,7,12,2,3,1,3,3,0,3,6,1,2,0,3,3,0,3,6,1,2,0,8,10,6,4,10,9,3,2,1,4,3,1,4,6,1,1,1,4,3,1,4,6,1,1,1,1,19,11,6,13,6,5,1,4,17,8,7,13,3,5,1,2,17,8,7,13,3,5,1,2,5,12,10,1,4,6,2,1,6,4,3,1,1,3,1,1,1,4,3,1,1,3,1,1,1,10,3.716666666666667
2016-10-01,Watford,Bournemouth,2,2,D,0,1,A,17,11,7,2,17,12,4,5,3,4,0,0,19.91,19.73,0.38,0,11,7,6,1,10,11,2,3,1,3,3,-3,5,6,1,2,0,3,3,-3,5,6,1,2,0,15,7,6,-6,4,9,2,8,1,1,3,-1,1,6,0,2,1,1,3,-1,1,6,0,2,1,16,4,3,1,3,3,1,1,1,0,0,0,0,0,0,0,0,0,0,0,0,0,0,0,0,12,5,4,1,1,2,1,1,2,4,3,1,1,2,1,1,1,4,3,1,1,2,1,1,1,8,2.433333333333333
2016-10-01,Watford,Bournemouth,2,2,D,0,1,A,17,11,7,2,17,12,4,5,3,4,0,0,19.91,19.73,0.38,0,11,7,6,1,10,11,2,3,1,3,3,-3,5,6,1,2,0,3,3,-3,5,6,1,2,0,15,7,6,-6,4,9,2,8,1,1,3,-1,1,6,0,2,1,1,3,-1,1,6,0,2,1,16,4,3,1,3,3,1,1,1,0,0,0,0,0,0,0,0,0,0,0,0,0,0,0,0,12,5,4,1,1,2,1,1,2,4,3,1,1,2,1,1,1,4,3,1,1,2,1,1,1,8,2.183333333333333
2016-10-01,West Ham,Middlesbrough,1,1,D,0,0,D,19,9,2,3,13,12,4,5,2,3,0,0,19.18,19.76,-0.38,0,18,3,6,-6,7,16,1,6,0,3,3,-1,3,7,1,2,0,3,3,-1,3,7,1,2,0,16,5,6,-2,6,9,1,3,2,4,3,1,3,4,1,1,1,4,3,1,3,4,1,1,1,2,15,10,1,4,6,4,2,3,14,7,0,4,1,4,1,2,14,7,0,4,1,4,1,2,13,5,5,0,3,5,1,1,2,4,3,2,3,3,1,1,1,4,3,2,3,3,1,1,1,7,1.883333333333333
2016-10-01,Swansea,Liverpool,1,2,A,1,0,H,8,18,3,6,11,9,3,10,2,2,0,0,19.67,20.7,-0.83,1,17,4,6,-3,5,10,1,4,1,1,3,-2,3,7,0,2,1,1,3,-2,3,7,0,2,1,5,13,6,3,16,9,4,1,1,7,4,-1,7,7,2,1,1,7,4,-1,7,7,2,1,1,3,14,8,6,9,3,4,1,2,12,5,0,9,2,4,1,0,12,5,0,9,2,4,1,0,11,7,4,-1,4,3,2,1,1,7,4,-1,4,3,2,1,1,7,4,-1,4,3,2,1,1,13,4.333333333333333
2016-10-01,Sunderland,West Brom,1,1,D,0,1,A,7,17,2,7,7,13,6,5,1,3,0,0,19.49,19.95,-0.26,0,20,1,6,-6,5,12,0,6,1,0,3,-4,3,8,0,3,0,0,3,-4,3,8,0,3,0,9,8,6,1,7,6,2,2,2,4,3,0,2,2,1,1,1,4,3,0,2,2,1,1,1,20,4,5,7,0,1,0,1,4,2,2,10,0,0,0,0,2,2,2,10,0,0,0,0,2,18,3,3,0,0,0,0,0,3,3,3,0,0,0,0,0,3,3,3,0,0,0,0,0,3,2,2.1666666666666665
2016-10-01,West Ham,Middlesbrough,1,1,D,0,0,D,19,9,2,3,13,12,4,5,2,3,0,0,19.18,19.76,-0.38,0,18,3,6,-6,7,16,1,6,0,3,3,-1,3,7,1,2,0,3,3,-1,3,7,1,2,0,16,5,6,-2,6,9,1,3,2,4,3,1,3,4,1,1,1,4,3,1,3,4,1,1,1,2,15,10,1,4,6,4,2,3,14,7,0,4,1,4,1,2,14,7,0,4,1,4,1,2,13,5,5,0,3,5,1,1,2,4,3,2,3,3,1,1,1,4,3,2,3,3,1,1,1,3,3.766666666666667
2016-10-02,Man United,Stoke,1,1,D,0,0,D,24,7,9,6,14,9,13,2,3,0,0,0,20.41,19.15,1.47,0,7,12,6,2,12,7,4,2,0,6,3,1,7,3,2,1,0,6,3,1,7,3,2,1,0,20,2,6,-11,4,15,0,8,2,1,3,-1,2,6,0,2,1,1,3,-1,2,6,0,2,1,19,4,3,1,1,1,1,1,1,0,0,0,0,0,0,0,0,0,0,0,0,0,0,0,0,6,9,9,1,3,6,2,2,3,1,3,-1,0,3,0,2,1,1,3,-1,0,3,0,2,1,11,3.983333333333333
2016-10-02,Tottenham,Man City,2,0,H,2,0,H,13,12,7,6,20,10,4,3,2,2,0,0,20.48,21.05,-0.37,0,4,14,6,6,10,3,4,0,2,7,3,1,3,1,2,0,1,7,3,1,3,1,2,0,1,1,18,6,11,18,5,6,0,0,9,3,4,9,3,3,0,0,9,3,4,9,3,3,0,0,4,14,11,-1,10,9,3,1,5,8,8,3,7,8,1,2,5,8,8,3,7,8,1,2,5,12,7,3,3,5,2,2,0,1,7,3,3,5,2,2,0,1,7,3,3,5,2,2,0,1,17,4.95
2016-10-02,Leicester,Southampton,0,0,D,0,0,D,9,11,1,5,9,9,3,6,1,0,0,0,19.72,20.13,-0.2,0,13,7,6,0,8,11,2,3,1,7,3,1,5,1,2,0,1,7,3,1,5,1,2,0,1,11,8,6,-2,7,6,2,2,2,3,3,-3,4,4,1,2,0,3,3,-3,4,4,1,2,0,7,9,11,-4,4,12,2,3,3,9,8,0,3,5,2,3,3,9,8,0,3,5,2,3,3,9,8,5,1,4,2,2,1,2,4,3,-1,2,2,1,1,1,4,3,-1,2,2,1,1,1,9,3.0333333333333337
2016-10-02,Burnley,Arsenal,0,1,A,0,0,D,10,18,1,3,2,3,2,6,0,0,0,0,19.78,20.75,-0.77,1,15,7,6,-5,5,8,2,4,1,7,4,1,5,2,2,1,1,7,4,1,5,2,2,1,1,5,13,6,5,15,7,4,2,1,7,3,2,7,2,2,0,1,7,3,2,7,2,2,0,1,20,3,3,-1,1,3,1,2,0,3,1,0,1,0,1,0,0,3,1,0,1,0,1,0,0,8,8,5,2,5,2,2,0,2,7,3,3,4,0,2,0,1,7,3,3,4,0,2,0,1,7,2.2500000000000004
2016-10-02,Leicester,Southampton,0,0,D,0,0,D,9,11,1,5,9,9,3,6,1,0,0,0,19.72,20.13,-0.2,0,13,7,6,0,8,11,2,3,1,7,3,1,5,1,2,0,1,7,3,1,5,1,2,0,1,11,8,6,-2,7,6,2,2,2,3,3,-3,4,4,1,2,0,3,3,-3,4,4,1,2,0,7,9,11,-4,4,12,2,3,3,9,8,0,3,5,2,3,3,9,8,0,3,5,2,3,3,9,8,5,1,4,2,2,1,2,4,3,-1,2,2,1,1,1,4,3,-1,2,2,1,1,1,7,2.6666666666666665
2016-10-02,Tottenham,Man City,2,0,H,2,0,H,13,12,7,6,20,10,4,3,2,2,0,0,20.48,21.05,-0.37,0,4,14,6,6,10,3,4,0,2,7,3,1,3,1,2,0,1,7,3,1,3,1,2,0,1,1,18,6,11,18,5,6,0,0,9,3,4,9,3,3,0,0,9,3,4,9,3,3,0,0,4,14,11,-1,10,9,3,1,5,8,8,3,7,8,1,2,5,8,8,3,7,8,1,2,5,12,7,3,3,5,2,2,0,1,7,3,3,5,2,2,0,1,7,3,3,5,2,2,0,1,21,4.1499999999999995
2016-10-02,Burnley,Arsenal,0,1,A,0,0,D,10,18,1,3,2,3,2,6,0,0,0,0,19.78,20.75,-0.77,1,15,7,6,-5,5,8,2,4,1,7,4,1,5,2,2,1,1,7,4,1,5,2,2,1,1,5,13,6,5,15,7,4,2,1,7,3,2,7,2,2,0,1,7,3,2,7,2,2,0,1,20,3,3,-1,1,3,1,2,0,3,1,0,1,0,1,0,0,3,1,0,1,0,1,0,0,8,8,5,2,5,2,2,0,2,7,3,3,4,0,2,0,1,7,3,3,4,0,2,0,1,18,3.6833333333333336
2016-10-02,Man United,Stoke,1,1,D,0,0,D,24,7,9,6,14,9,13,2,3,0,0,0,20.41,19.15,1.47,0,7,12,6,2,12,7,4,2,0,6,3,1,7,3,2,1,0,6,3,1,7,3,2,1,0,20,2,6,-11,4,15,0,8,2,1,3,-1,2,6,0,2,1,1,3,-1,2,6,0,2,1,19,4,3,1,1,1,1,1,1,0,0,0,0,0,0,0,0,0,0,0,0,0,0,0,0,6,9,9,1,3,6,2,2,3,1,3,-1,0,3,0,2,1,1,3,-1,0,3,0,2,1,1,2.6
2016-10-15,West Brom,Tottenham,1,1,D,0,0,D,8,20,4,8,14,10,5,8,2,2,0,0,19.93,20.72,-0.59,0,9,9,7,1,8,7,2,2,3,4,3,-1,5,4,1,1,1,4,3,-1,5,4,1,1,1,2,17,7,7,12,3,5,0,2,7,3,4,7,2,2,0,1,7,3,4,7,2,2,0,1,15,6,4,0,1,0,1,0,3,0,0,0,0,0,0,0,0,0,0,0,0,0,0,0,0,4,14,11,-1,10,9,3,1,5,6,3,0,3,1,2,1,0,6,3,0,3,1,2,1,0,8,2.966666666666667
2016-10-15,Crystal Palace,West Ham,0,1,A,0,1,A,12,12,3,4,12,13,7,6,1,3,0,1,20.25,19.21,1.23,0,8,11,7,3,11,8,3,3,2,4,3,-1,5,3,1,1,1,4,3,-1,5,3,1,1,1,18,4,7,-9,8,17,1,6,1,0,3,-3,4,9,0,3,0,0,3,-3,4,9,0,3,0,17,5,6,-1,2,4,1,2,2,3,2,1,1,1,1,1,0,3,2,1,1,1,1,1,0,2,15,10,1,4,6,4,2,3,1,3,-2,0,5,0,2,1,1,3,-2,0,5,0,2,1,16,4.483333333333333
2016-10-15,Man City,Everton,1,1,D,0,0,D,19,3,8,2,7,9,13,1,0,2,0,0,20.81,20.35,0.66,0,1,18,7,13,18,7,6,1,0,9,3,3,9,2,3,0,0,9,3,3,9,2,3,0,0,5,14,7,6,11,5,4,1,2,6,3,4,5,2,2,1,0,6,3,4,5,2,2,1,0,13,7,4,3,5,4,2,1,1,0,0,0,0,0,0,0,0,0,0,0,0,0,0,0,0,18,5,4,-1,2,2,1,1,2,2,3,0,1,2,0,1,2,2,3,0,1,2,0,1,2,17,4.016666666666667
2016-10-15,Chelsea,Leicester,3,0,H,2,0,H,16,5,6,0,6,12,8,5,1,1,0,0,20.19,19.74,0.65,1,7,13,7,1,12,9,4,2,1,6,3,4,6,3,2,1,0,6,3,4,6,3,2,1,0,12,8,7,-3,8,11,2,3,2,0,3,-4,3,10,0,3,0,0,3,-4,3,10,0,3,0,5,13,11,-2,4,6,2,1,7,8,7,0,3,3,1,1,5,8,7,0,3,3,1,1,5,10,9,11,-4,4,12,2,3,3,0,3,-2,1,7,0,3,0,0,3,-2,1,7,0,3,0,8,3.1166666666666667
2016-10-15,Arsenal,Swansea,3,2,H,2,1,H,16,13,6,6,7,10,5,6,0,1,1,0,20.77,19.65,1.32,1,3,16,7,8,16,7,5,2,1,6,3,0,8,5,2,1,0,6,3,0,8,5,2,1,0,17,4,7,-5,6,12,1,5,1,3,3,0,2,3,1,2,0,3,3,0,2,3,1,2,0,7,9,6,3,5,2,2,0,3,1,2,0,1,2,0,1,1,1,2,0,1,2,0,1,1,3,14,8,6,9,3,4,1,2,2,3,-1,0,1,0,1,2,2,3,-1,0,1,0,1,2,1,2.3000000000000003
2016-10-15,Stoke,Sunderland,2,0,H,2,0,H,18,11,6,1,10,13,6,4,1,1,0,0,19.29,19.52,-0.02,0,19,3,7,-11,5,16,0,8,3,1,3,-7,2,9,0,2,1,1,3,-7,2,9,0,2,1,20,2,7,-7,6,13,0,9,2,1,3,-1,2,4,0,2,1,1,3,-1,2,4,0,2,1,6,10,10,-3,3,6,2,2,4,8,6,0,3,3,2,2,2,8,6,0,3,3,2,2,2,12,8,9,-2,1,3,1,1,5,2,3,-1,0,1,0,1,2,2,3,-1,0,1,0,1,2,3,2.683333333333333
2016-10-15,West Brom,Tottenham,1,1,D,0,0,D,8,20,4,8,14,10,5,8,2,2,0,0,19.93,20.72,-0.59,0,9,9,7,1,8,7,2,2,3,4,3,-1,5,4,1,1,1,4,3,-1,5,4,1,1,1,2,17,7,7,12,3,5,0,2,7,3,4,7,2,2,0,1,7,3,4,7,2,2,0,1,15,6,4,0,1,0,1,0,3,0,0,0,0,0,0,0,0,0,0,0,0,0,0,0,0,4,14,11,-1,10,9,3,1,5,6,3,0,3,1,2,1,0,6,3,0,3,1,2,1,0,20,5.483333333333333
2016-10-15,Crystal Palace,West Ham,0,1,A,0,1,A,12,12,3,4,12,13,7,6,1,3,0,1,20.25,19.21,1.23,0,8,11,7,3,11,8,3,3,2,4,3,-1,5,3,1,1,1,4,3,-1,5,3,1,1,1,18,4,7,-9,8,17,1,6,1,0,3,-3,4,9,0,3,0,0,3,-3,4,9,0,3,0,17,5,6,-1,2,4,1,2,2,3,2,1,1,1,1,1,0,3,2,1,1,1,1,1,0,2,15,10,1,4,6,4,2,3,1,3,-2,0,5,0,2,1,1,3,-2,0,5,0,2,1,4,4.683333333333334
2016-10-15,Man City,Everton,1,1,D,0,0,D,19,3,8,2,7,9,13,1,0,2,0,0,20.81,20.35,0.66,0,1,18,7,13,18,7,6,1,0,9,3,3,9,2,3,0,0,9,3,3,9,2,3,0,0,5,14,7,6,11,5,4,1,2,6,3,4,5,2,2,1,0,6,3,4,5,2,2,1,0,13,7,4,3,5,4,2,1,1,0,0,0,0,0,0,0,0,0,0,0,0,0,0,0,0,18,5,4,-1,2,2,1,1,2,2,3,0,1,2,0,1,2,2,3,0,1,2,0,1,2,21,4.5
2016-10-15,Bournemouth,Hull,6,1,H,3,1,H,22,11,10,4,8,14,5,4,0,3,0,0,19.77,19.36,0.61,1,13,8,7,-5,6,11,2,8,2,6,3,-1,3,3,2,1,0,6,3,-1,3,3,2,1,0,15,7,7,-5,7,14,2,4,1,4,3,2,4,6,1,1,1,4,3,2,4,6,1,1,1,11,8,5,-1,2,2,2,1,2,1,1,0,0,0,0,0,1,1,1,0,0,0,0,0,1,1,19,11,6,13,6,5,1,4,2,3,0,0,3,0,1,2,2,3,0,0,3,0,1,2,7,2.1333333333333333
2016-10-15,Stoke,Sunderland,2,0,H,2,0,H,18,11,6,1,10,13,6,4,1,1,0,0,19.29,19.52,-0.02,0,19,3,7,-11,5,16,0,8,3,1,3,-7,2,9,0,2,1,1,3,-7,2,9,0,2,1,20,2,7,-7,6,13,0,9,2,1,3,-1,2,4,0,2,1,1,3,-1,2,4,0,2,1,6,10,10,-3,3,6,2,2,4,8,6,0,3,3,2,2,2,8,6,0,3,3,2,2,2,12,8,9,-2,1,3,1,1,5,2,3,-1,0,1,0,1,2,2,3,-1,0,1,0,1,2,3,2.516666666666667
2016-10-15,Bournemouth,Hull,6,1,H,3,1,H,22,11,10,4,8,14,5,4,0,3,0,0,19.77,19.36,0.61,1,13,8,7,-5,6,11,2,8,2,6,3,-1,3,3,2,1,0,6,3,-1,3,3,2,1,0,15,7,7,-5,7,14,2,4,1,4,3,2,4,6,1,1,1,4,3,2,4,6,1,1,1,11,8,5,-1,2,2,2,1,2,1,1,0,0,0,0,0,1,1,1,0,0,0,0,0,1,1,19,11,6,13,6,5,1,4,2,3,0,0,3,0,1,2,2,3,0,0,3,0,1,2,10,2.9666666666666663
2016-10-15,Arsenal,Swansea,3,2,H,2,1,H,16,13,6,6,7,10,5,6,0,1,1,0,20.77,19.65,1.32,1,3,16,7,8,16,7,5,2,1,6,3,0,8,5,2,1,0,6,3,0,8,5,2,1,0,17,4,7,-5,6,12,1,5,1,3,3,0,2,3,1,2,0,3,3,0,2,3,1,2,0,7,9,6,3,5,2,2,0,3,1,2,0,1,2,0,1,1,1,2,0,1,2,0,1,1,3,14,8,6,9,3,4,1,2,2,3,-1,0,1,0,1,2,2,3,-1,0,1,0,1,2,23,4.7
2016-10-15,Chelsea,Leicester,3,0,H,2,0,H,16,5,6,0,6,12,8,5,1,1,0,0,20.19,19.74,0.65,1,7,13,7,1,12,9,4,2,1,6,3,4,6,3,2,1,0,6,3,4,6,3,2,1,0,12,8,7,-3,8,11,2,3,2,0,3,-4,3,10,0,3,0,0,3,-4,3,10,0,3,0,5,13,11,-2,4,6,2,1,7,8,7,0,3,3,1,1,5,8,7,0,3,3,1,1,5,10,9,11,-4,4,12,2,3,3,0,3,-2,1,7,0,3,0,0,3,-2,1,7,0,3,0,15,4.65
2016-10-16,Southampton,Burnley,3,1,H,0,0,D,34,6,14,1,11,10,8,4,1,2,0,0,20.11,19.76,0.55,1,11,9,7,1,7,6,2,2,3,5,3,0,3,2,1,0,2,5,3,0,3,2,1,0,2,14,7,7,-3,5,9,2,5,1,0,2,-3,0,6,0,2,0,0,2,-3,0,6,0,2,0,9,9,6,2,4,2,2,1,3,4,2,0,2,0,1,0,1,4,2,0,2,0,1,0,1,10,9,7,1,3,3,2,2,3,0,2,-2,0,3,0,2,0,0,2,-2,0,3,0,2,0,7,2.733333333333333
2016-10-16,Middlesbrough,Watford,0,1,A,0,0,D,10,4,3,2,15,10,4,6,4,1,0,0,19.72,19.87,0.05,0,17,6,7,-3,7,10,1,3,3,1,3,-1,3,5,0,2,1,1,3,-1,3,5,0,2,1,12,8,7,-1,12,13,2,3,2,4,3,2,5,5,1,1,1,4,3,2,5,5,1,1,1,18,6,6,-2,3,5,1,1,3,1,2,3,0,2,0,1,1,1,2,3,0,2,0,1,1,20,5,4,-2,3,3,1,1,2,4,3,1,3,3,1,1,1,4,3,1,3,3,1,1,1,9,2.2666666666666666
2016-10-16,Southampton,Burnley,3,1,H,0,0,D,34,6,14,1,11,10,8,4,1,2,0,0,20.11,19.76,0.55,1,11,9,7,1,7,6,2,2,3,5,3,0,3,2,1,0,2,5,3,0,3,2,1,0,2,14,7,7,-3,5,9,2,5,1,0,2,-3,0,6,0,2,0,0,2,-3,0,6,0,2,0,9,9,6,2,4,2,2,1,3,4,2,0,2,0,1,0,1,4,2,0,2,0,1,0,1,10,9,7,1,3,3,2,2,3,0,2,-2,0,3,0,2,0,0,2,-2,0,3,0,2,0,11,3.4333333333333336
2016-10-16,Middlesbrough,Watford,0,1,A,0,0,D,10,4,3,2,15,10,4,6,4,1,0,0,19.72,19.87,0.05,0,17,6,7,-3,7,10,1,3,3,1,3,-1,3,5,0,2,1,1,3,-1,3,5,0,2,1,12,8,7,-1,12,13,2,3,2,4,3,2,5,5,1,1,1,4,3,2,5,5,1,1,1,18,6,6,-2,3,5,1,1,3,1,2,3,0,2,0,1,1,1,2,3,0,2,0,1,1,20,5,4,-2,3,3,1,1,2,4,3,1,3,3,1,1,1,4,3,1,3,3,1,1,1,9,2.75
2016-10-17,Liverpool,Man United,0,0,D,0,0,D,9,7,3,1,14,20,3,1,0,4,0,0,20.72,20.27,0.65,0,4,16,7,7,18,10,5,1,1,6,2,3,9,2,2,0,0,6,2,3,9,2,2,0,0,7,13,7,5,13,8,4,2,1,6,3,3,5,4,2,1,0,6,3,3,5,4,2,1,0,16,7,5,1,4,4,2,2,1,0,0,0,0,0,0,0,0,0,0,0,0,0,0,0,0,2,18,10,1,10,4,5,1,3,4,3,1,1,1,1,1,1,4,3,1,1,1,1,1,1,18,5.266666666666667
2016-10-17,Liverpool,Man United,0,0,D,0,0,D,9,7,3,1,14,20,3,1,0,4,0,0,20.72,20.27,0.65,0,4,16,7,7,18,10,5,1,1,6,2,3,9,2,2,0,0,6,2,3,9,2,2,0,0,7,13,7,5,13,8,4,2,1,6,3,3,5,4,2,1,0,6,3,3,5,4,2,1,0,16,7,5,1,4,4,2,2,1,0,0,0,0,0,0,0,0,0,0,0,0,0,0,0,0,2,18,10,1,10,4,5,1,3,4,3,1,1,1,1,1,1,4,3,1,1,1,1,1,1,12,4.95
2016-10-22,Liverpool,West Brom,2,1,H,2,0,H,21,6,7,1,9,13,3,2,1,3,0,0,20.65,19.98,0.87,1,4,17,8,8,18,10,5,1,2,7,3,7,9,2,2,0,1,7,3,7,9,2,2,0,1,12,10,8,1,9,8,2,2,4,5,4,0,3,3,1,1,2,5,4,0,3,3,1,1,2,16,7,5,1,4,4,2,2,1,0,0,0,0,0,0,0,0,0,0,0,0,0,0,0,0,19,6,4,0,1,0,1,0,3,6,4,0,1,0,1,0,3,6,4,0,1,0,1,0,3,9,2.783333333333333
2016-10-22,Leicester,Crystal Palace,3,1,H,1,0,H,17,23,4,7,10,8,8,8,0,0,0,0,19.51,20.03,-0.32,0,13,8,8,-3,8,14,2,4,2,8,4,4,5,1,2,0,2,8,4,4,5,1,2,0,2,9,11,8,3,11,9,3,4,2,7,4,1,6,5,2,1,1,7,4,1,6,5,2,1,1,11,9,12,-8,4,14,2,4,3,9,8,0,3,5,2,3,3,9,8,0,3,5,2,3,3,17,6,7,0,2,4,1,2,3,2,4,-1,1,3,0,2,2,2,4,-1,1,3,0,2,2,7,3.0666666666666664
2016-10-22,Swansea,Watford,0,0,D,0,0,D,11,10,5,2,15,16,7,2,2,1,0,0,19.68,19.97,-0.09,0,19,4,8,-6,8,15,1,6,1,1,4,-4,4,9,0,3,1,1,4,-4,4,9,0,3,1,10,11,8,-1,13,13,3,3,2,7,4,0,6,5,2,1,1,7,4,0,6,5,2,1,1,5,14,9,6,10,5,4,2,2,12,5,0,9,2,4,1,0,12,5,0,9,2,4,1,0,15,7,6,2,3,3,1,1,4,5,4,0,3,3,1,1,2,5,4,0,3,3,1,1,2,14,2.9166666666666665
2016-10-22,Arsenal,Middlesbrough,0,0,D,0,0,D,9,11,5,4,6,13,8,3,1,0,0,0,20.74,19.62,1.32,0,2,19,8,9,19,9,6,2,1,9,4,3,11,7,3,1,0,9,4,3,11,7,3,1,0,17,6,8,-3,7,11,1,4,3,5,4,-1,4,5,1,1,2,5,4,-1,4,5,1,1,2,9,9,6,3,5,2,2,0,3,1,2,0,1,2,0,1,1,1,2,0,1,2,0,1,1,20,7,7,3,3,5,1,1,4,5,4,0,3,3,1,1,2,5,4,0,3,3,1,1,2,4,2.25
2016-10-22,Burnley,Everton,2,1,H,1,0,H,9,20,3,8,16,15,2,8,2,3,0,0,19.61,20.42,-0.61,0,14,7,8,-4,6,12,2,6,1,7,5,3,5,3,2,2,1,7,5,3,5,3,2,2,1,6,15,8,6,12,6,4,1,3,7,4,3,6,3,2,1,1,7,4,3,6,3,2,1,1,7,10,8,0,3,3,2,2,4,9,5,-1,3,0,2,0,3,9,5,-1,3,0,2,0,3,18,6,5,0,2,2,1,1,3,3,4,-1,1,2,0,1,3,3,4,-1,1,2,0,1,3,4,2.8166666666666664
2016-10-22,Swansea,Watford,0,0,D,0,0,D,11,10,5,2,15,16,7,2,2,1,0,0,19.68,19.97,-0.09,0,19,4,8,-6,8,15,1,6,1,1,4,-4,4,9,0,3,1,1,4,-4,4,9,0,3,1,10,11,8,-1,13,13,3,3,2,7,4,0,6,5,2,1,1,7,4,0,6,5,2,1,1,5,14,9,6,10,5,4,2,2,12,5,0,9,2,4,1,0,12,5,0,9,2,4,1,0,15,7,6,2,3,3,1,1,4,5,4,0,3,3,1,1,2,5,4,0,3,3,1,1,2,1,2.1166666666666667
2016-10-22,West Ham,Sunderland,1,0,H,0,0,D,20,10,3,2,10,13,6,2,2,5,0,0,19.44,19.31,0.32,1,16,7,8,-9,9,17,2,6,1,4,4,-4,4,8,1,2,1,4,4,-4,4,8,1,2,1,20,2,8,-7,6,15,0,11,2,1,4,-2,2,6,0,3,1,1,4,-2,2,6,0,3,1,3,18,11,-2,5,6,5,2,3,14,7,0,4,1,4,1,2,14,7,0,4,1,4,1,2,13,8,10,-2,1,5,1,2,5,2,4,-1,0,3,0,2,2,2,4,-1,0,3,0,2,2,6,4.516666666666667
2016-10-22,Hull,Stoke,0,2,A,0,1,A,9,12,2,6,16,8,5,7,2,3,0,0,18.92,19.49,-0.38,1,15,7,8,-7,8,20,2,5,1,3,4,-3,3,8,1,3,0,3,4,-3,3,8,1,3,0,18,6,8,-11,7,16,1,8,3,2,4,-4,3,7,0,2,2,2,4,-4,3,7,0,2,2,1,19,12,7,14,9,5,2,4,17,8,7,13,3,5,1,2,17,8,7,13,3,5,1,2,8,10,10,-3,3,6,2,2,4,2,4,-3,0,3,0,2,2,2,4,-3,0,3,0,2,2,2,1.9333333333333333
2016-10-22,Burnley,Everton,2,1,H,1,0,H,9,20,3,8,16,15,2,8,2,3,0,0,19.61,20.42,-0.61,0,14,7,8,-4,6,12,2,6,1,7,5,3,5,3,2,2,1,7,5,3,5,3,2,2,1,6,15,8,6,12,6,4,1,3,7,4,3,6,3,2,1,1,7,4,3,6,3,2,1,1,7,10,8,0,3,3,2,2,4,9,5,-1,3,0,2,0,3,9,5,-1,3,0,2,0,3,18,6,5,0,2,2,1,1,3,3,4,-1,1,2,0,1,3,3,4,-1,1,2,0,1,3,14,3.5500000000000003
2016-10-22,Leicester,Crystal Palace,3,1,H,1,0,H,17,23,4,7,10,8,8,8,0,0,0,0,19.51,20.03,-0.32,0,13,8,8,-3,8,14,2,4,2,8,4,4,5,1,2,0,2,8,4,4,5,1,2,0,2,9,11,8,3,11,9,3,4,2,7,4,1,6,5,2,1,1,7,4,1,6,5,2,1,1,11,9,12,-8,4,14,2,4,3,9,8,0,3,5,2,3,3,9,8,0,3,5,2,3,3,17,6,7,0,2,4,1,2,3,2,4,-1,1,3,0,2,2,2,4,-1,1,3,0,2,2,16,4.583333333333333
2016-10-22,Bournemouth,Tottenham,0,0,D,0,0,D,8,16,1,4,10,15,7,4,2,4,0,0,20.21,20.66,-0.25,0,11,11,8,-5,12,12,3,8,2,9,4,0,9,4,3,1,0,9,4,0,9,4,3,1,0,3,18,8,9,13,4,5,0,3,8,4,5,8,3,2,0,2,8,4,5,8,3,2,0,2,12,8,5,-1,2,2,2,1,2,1,1,0,0,0,0,0,1,1,1,0,0,0,0,0,1,4,15,12,1,10,9,3,1,6,7,4,2,3,1,2,1,1,7,4,2,3,1,2,1,1,13,3.5666666666666664
2016-10-22,Arsenal,Middlesbrough,0,0,D,0,0,D,9,11,5,4,6,13,8,3,1,0,0,0,20.74,19.62,1.32,0,2,19,8,9,19,9,6,2,1,9,4,3,11,7,3,1,0,9,4,3,11,7,3,1,0,17,6,8,-3,7,11,1,4,3,5,4,-1,4,5,1,1,2,5,4,-1,4,5,1,1,2,9,9,6,3,5,2,2,0,3,1,2,0,1,2,0,1,1,1,2,0,1,2,0,1,1,20,7,7,3,3,5,1,1,4,5,4,0,3,3,1,1,2,5,4,0,3,3,1,1,2,24,4.883333333333334
2016-10-22,Hull,Stoke,0,2,A,0,1,A,9,12,2,6,16,8,5,7,2,3,0,0,18.92,19.49,-0.38,1,15,7,8,-7,8,20,2,5,1,3,4,-3,3,8,1,3,0,3,4,-3,3,8,1,3,0,18,6,8,-11,7,16,1,8,3,2,4,-4,3,7,0,2,2,2,4,-4,3,7,0,2,2,1,19,12,7,14,9,5,2,4,17,8,7,13,3,5,1,2,17,8,7,13,3,5,1,2,8,10,10,-3,3,6,2,2,4,2,4,-3,0,3,0,2,2,2,4,-3,0,3,0,2,2,6,3.1833333333333336
2016-10-22,Liverpool,West Brom,2,1,H,2,0,H,21,6,7,1,9,13,3,2,1,3,0,0,20.65,19.98,0.87,1,4,17,8,8,18,10,5,1,2,7,3,7,9,2,2,0,1,7,3,7,9,2,2,0,1,12,10,8,1,9,8,2,2,4,5,4,0,3,3,1,1,2,5,4,0,3,3,1,1,2,16,7,5,1,4,4,2,2,1,0,0,0,0,0,0,0,0,0,0,0,0,0,0,0,0,19,6,4,0,1,0,1,0,3,6,4,0,1,0,1,0,3,6,4,0,1,0,1,0,3,19,4.366666666666666
2016-10-22,Bournemouth,Tottenham,0,0,D,0,0,D,8,16,1,4,10,15,7,4,2,4,0,0,20.21,20.66,-0.25,0,11,11,8,-5,12,12,3,8,2,9,4,0,9,4,3,1,0,9,4,0,9,4,3,1,0,3,18,8,9,13,4,5,0,3,8,4,5,8,3,2,0,2,8,4,5,8,3,2,0,2,12,8,5,-1,2,2,2,1,2,1,1,0,0,0,0,0,1,1,1,0,0,0,0,0,1,4,15,12,1,10,9,3,1,6,7,4,2,3,1,2,1,1,7,4,2,3,1,2,1,1,19,5.133333333333334
2016-10-22,West Ham,Sunderland,1,0,H,0,0,D,20,10,3,2,10,13,6,2,2,5,0,0,19.44,19.31,0.32,1,16,7,8,-9,9,17,2,6,1,4,4,-4,4,8,1,2,1,4,4,-4,4,8,1,2,1,20,2,8,-7,6,15,0,11,2,1,4,-2,2,6,0,3,1,1,4,-2,2,6,0,3,1,3,18,11,-2,5,6,5,2,3,14,7,0,4,1,4,1,2,14,7,0,4,1,4,1,2,13,8,10,-2,1,5,1,2,5,2,4,-1,0,3,0,2,2,2,4,-1,0,3,0,2,2,3,2.3000000000000003
2016-10-23,Man City,Southampton,1,1,D,0,1,A,14,6,3,2,11,10,10,3,3,3,0,0,20.75,20.25,0.7,0,3,19,8,11,19,8,6,1,1,10,4,7,10,3,3,0,1,10,4,7,10,3,3,0,1,8,12,8,1,10,7,3,2,3,4,4,0,4,4,1,2,1,4,4,0,4,4,1,2,1,16,7,4,3,5,4,2,1,1,0,0,0,0,0,0,0,0,0,0,0,0,0,0,0,0,11,9,6,2,4,2,2,1,3,5,4,0,2,2,1,1,2,5,4,0,2,2,1,1,2,14,4.133333333333333
2016-10-23,Man City,Southampton,1,1,D,0,1,A,14,6,3,2,11,10,10,3,3,3,0,0,20.75,20.25,0.7,0,3,19,8,11,19,8,6,1,1,10,4,7,10,3,3,0,1,10,4,7,10,3,3,0,1,8,12,8,1,10,7,3,2,3,4,4,0,4,4,1,2,1,4,4,0,4,4,1,2,1,16,7,4,3,5,4,2,1,1,0,0,0,0,0,0,0,0,0,0,0,0,0,0,0,0,11,9,6,2,4,2,2,1,3,5,4,0,2,2,1,1,2,5,4,0,2,2,1,1,2,17,4.683333333333334
2016-10-23,Chelsea,Man United,4,0,H,2,0,H,14,16,6,5,7,17,5,7,3,2,0,0,20.43,20.33,0.3,1,5,16,8,3,15,9,5,2,1,9,4,3,9,3,3,1,0,9,4,3,9,3,3,1,0,7,14,8,5,13,8,4,2,2,7,4,1,5,4,2,1,1,7,4,1,5,4,2,1,1,7,13,11,-2,4,6,2,1,7,8,7,0,3,3,1,1,5,8,7,0,3,3,1,1,5,3,19,11,6,10,4,5,1,4,5,4,0,1,1,1,1,2,5,4,0,1,1,1,1,2,13,4.75
2016-10-23,Chelsea,Man United,4,0,H,2,0,H,14,16,6,5,7,17,5,7,3,2,0,0,20.43,20.33,0.3,1,5,16,8,3,15,9,5,2,1,9,4,3,9,3,3,1,0,9,4,3,9,3,3,1,0,7,14,8,5,13,8,4,2,2,7,4,1,5,4,2,1,1,7,4,1,5,4,2,1,1,7,13,11,-2,4,6,2,1,7,8,7,0,3,3,1,1,5,8,7,0,3,3,1,1,5,3,19,11,6,10,4,5,1,4,5,4,0,1,1,1,1,2,5,4,0,1,1,1,1,2,11,4.683333333333333
2016-10-29,Middlesbrough,Bournemouth,2,0,H,1,0,H,10,15,3,3,3,5,4,7,1,1,0,0,19.75,20.23,-0.28,0,17,7,9,-4,7,11,1,4,4,1,4,-2,3,6,0,3,1,1,4,-2,3,6,0,3,1,10,12,9,0,12,12,3,8,3,2,4,-5,3,8,0,2,2,2,4,-5,3,8,0,2,2,1,20,15,-1,7,6,4,1,8,14,10,3,4,3,3,2,5,14,10,3,4,3,3,2,5,16,8,5,-1,2,2,2,1,2,7,4,-1,2,2,2,1,1,7,4,-1,2,2,2,1,1,12,3.616666666666666
2016-10-29,Watford,Hull,1,0,H,0,0,D,22,8,0,2,13,8,7,2,1,2,0,0,19.96,18.75,1.41,1,9,12,9,0,13,13,3,3,3,4,4,-1,7,8,1,2,1,4,4,-1,7,8,1,2,1,18,7,9,-12,8,22,2,6,1,4,4,-2,5,12,1,2,1,4,4,-2,5,12,1,2,1,15,8,7,0,3,3,1,1,5,2,2,2,0,0,0,0,2,2,2,2,0,0,0,0,2,2,19,12,7,14,9,5,2,4,2,4,-3,1,6,0,2,2,2,4,-3,1,6,0,2,2,2,2.0500000000000003
2016-10-29,Crystal Palace,Liverpool,2,4,A,2,3,A,7,17,6,10,15,5,3,3,1,2,0,0,19.79,20.67,-0.67,1,11,11,9,2,12,12,3,5,2,4,4,2,5,4,1,2,1,4,4,2,5,4,1,2,1,3,20,9,8,20,11,6,1,2,10,5,0,9,8,3,1,1,10,5,0,9,8,3,1,1,12,9,10,1,4,6,2,3,3,7,5,0,3,2,2,2,1,7,5,0,3,2,2,2,1,18,7,5,1,4,4,2,2,1,7,5,1,4,4,2,2,1,7,5,1,4,4,2,2,1,20,4.7
2016-10-29,Watford,Hull,1,0,H,0,0,D,22,8,0,2,13,8,7,2,1,2,0,0,19.96,18.75,1.41,1,9,12,9,0,13,13,3,3,3,4,4,-1,7,8,1,2,1,4,4,-1,7,8,1,2,1,18,7,9,-12,8,22,2,6,1,4,4,-2,5,12,1,2,1,4,4,-2,5,12,1,2,1,15,8,7,0,3,3,1,1,5,2,2,2,0,0,0,0,2,2,2,2,0,0,0,0,2,2,19,12,7,14,9,5,2,4,2,4,-3,1,6,0,2,2,2,4,-3,1,6,0,2,2,16,2.9
2016-10-29,Tottenham,Leicester,1,1,D,1,0,H,22,6,5,1,11,20,8,1,3,4,0,0,20.63,19.74,1.09,0,4,19,9,9,13,4,5,0,4,10,4,2,5,1,3,0,1,10,4,2,5,1,3,0,1,12,11,9,-6,11,15,3,4,2,0,4,-7,3,13,0,4,0,0,4,-7,3,13,0,4,0,5,16,13,1,10,9,3,1,7,8,8,3,7,8,1,2,5,8,8,3,7,8,1,2,5,14,9,12,-8,4,14,2,4,3,0,4,-6,1,9,0,4,0,0,4,-6,1,9,0,4,0,7,3.4333333333333336
2016-10-29,Man United,Burnley,0,0,D,0,0,D,37,7,11,1,12,9,19,1,1,3,1,0,19.96,19.77,0.39,0,7,14,9,5,13,12,4,3,2,7,4,4,8,4,2,1,1,7,4,4,8,4,2,1,1,14,10,9,-6,8,13,3,6,1,0,3,-6,1,9,0,3,0,0,3,-6,1,9,0,3,0,3,19,12,6,10,6,5,2,4,14,7,0,9,3,4,1,2,14,7,0,9,3,4,1,2,10,10,8,0,3,3,2,2,4,1,3,-3,0,3,0,2,1,1,3,-3,0,3,0,2,1,7,2.9333333333333336
2016-10-29,West Brom,Man City,0,4,A,0,2,A,9,21,1,8,17,10,1,7,4,3,0,0,19.97,20.68,-0.51,1,13,10,9,1,10,10,2,3,4,5,4,1,6,5,1,1,2,5,4,1,6,5,1,1,2,1,20,9,11,20,9,6,1,2,9,4,6,9,5,3,1,0,9,4,6,9,5,3,1,0,19,6,5,1,1,2,1,1,3,0,0,0,0,0,0,0,0,0,0,0,0,0,0,0,0,17,7,4,3,5,4,2,1,1,7,4,3,5,4,2,1,1,7,4,3,5,4,2,1,1,15,4.3
2016-10-29,Middlesbrough,Bournemouth,2,0,H,1,0,H,10,15,3,3,3,5,4,7,1,1,0,0,19.75,20.23,-0.28,0,17,7,9,-4,7,11,1,4,4,1,4,-2,3,6,0,3,1,1,4,-2,3,6,0,3,1,10,12,9,0,12,12,3,8,3,2,4,-5,3,8,0,2,2,2,4,-5,3,8,0,2,2,1,20,15,-1,7,6,4,1,8,14,10,3,4,3,3,2,5,14,10,3,4,3,3,2,5,16,8,5,-1,2,2,2,1,2,7,4,-1,2,2,2,1,1,7,4,-1,2,2,2,1,1,4,2.3333333333333335
2016-10-29,Man United,Burnley,0,0,D,0,0,D,37,7,11,1,12,9,19,1,1,3,1,0,19.96,19.77,0.39,0,7,14,9,5,13,12,4,3,2,7,4,4,8,4,2,1,1,7,4,4,8,4,2,1,1,14,10,9,-6,8,13,3,6,1,0,3,-6,1,9,0,3,0,0,3,-6,1,9,0,3,0,3,19,12,6,10,6,5,2,4,14,7,0,9,3,4,1,2,14,7,0,9,3,4,1,2,10,10,8,0,3,3,2,2,4,1,3,-3,0,3,0,2,1,1,3,-3,0,3,0,2,1,6,4.083333333333333
2016-10-29,West Brom,Man City,0,4,A,0,2,A,9,21,1,8,17,10,1,7,4,3,0,0,19.97,20.68,-0.51,1,13,10,9,1,10,10,2,3,4,5,4,1,6,5,1,1,2,5,4,1,6,5,1,1,2,1,20,9,11,20,9,6,1,2,9,4,6,9,5,3,1,0,9,4,6,9,5,3,1,0,19,6,5,1,1,2,1,1,3,0,0,0,0,0,0,0,0,0,0,0,0,0,0,0,0,17,7,4,3,5,4,2,1,1,7,4,3,5,4,2,1,1,7,4,3,5,4,2,1,1,8,2.4333333333333336
2016-10-29,Crystal Palace,Liverpool,2,4,A,2,3,A,7,17,6,10,15,5,3,3,1,2,0,0,19.79,20.67,-0.67,1,11,11,9,2,12,12,3,5,2,4,4,2,5,4,1,2,1,4,4,2,5,4,1,2,1,3,20,9,8,20,11,6,1,2,10,5,0,9,8,3,1,1,10,5,0,9,8,3,1,1,12,9,10,1,4,6,2,3,3,7,5,0,3,2,2,2,1,7,5,0,3,2,2,2,1,18,7,5,1,4,4,2,2,1,7,5,1,4,4,2,2,1,7,5,1,4,4,2,2,1,15,4.4
2016-10-29,Tottenham,Leicester,1,1,D,1,0,H,22,6,5,1,11,20,8,1,3,4,0,0,20.63,19.74,1.09,0,4,19,9,9,13,4,5,0,4,10,4,2,5,1,3,0,1,10,4,2,5,1,3,0,1,12,11,9,-6,11,15,3,4,2,0,4,-7,3,13,0,4,0,0,4,-7,3,13,0,4,0,5,16,13,1,10,9,3,1,7,8,8,3,7,8,1,2,5,8,8,3,7,8,1,2,5,14,9,12,-8,4,14,2,4,3,0,4,-6,1,9,0,4,0,0,4,-6,1,9,0,4,0,20,5.366666666666667
2016-10-29,Sunderland,Arsenal,1,4,A,0,1,A,3,21,1,7,9,13,0,8,4,3,0,0,19.25,20.61,-1.16,1,20,2,9,-9,6,16,0,14,2,1,4,-5,4,9,0,3,1,1,4,-5,4,9,0,3,1,2,20,9,10,19,9,6,2,2,10,4,5,8,2,3,0,1,10,4,5,8,2,3,0,1,13,9,11,-4,1,5,1,2,6,6,6,3,1,2,1,2,3,6,6,3,1,2,1,2,3,11,9,6,3,5,2,2,0,3,8,4,4,4,0,2,0,2,8,4,4,4,0,2,0,2,1,2.5
2016-10-29,Sunderland,Arsenal,1,4,A,0,1,A,3,21,1,7,9,13,0,8,4,3,0,0,19.25,20.61,-1.16,1,20,2,9,-9,6,16,0,14,2,1,4,-5,4,9,0,3,1,1,4,-5,4,9,0,3,1,2,20,9,10,19,9,6,2,2,10,4,5,8,2,3,0,1,10,4,5,8,2,3,0,1,13,9,11,-4,1,5,1,2,6,6,6,3,1,2,1,2,3,6,6,3,1,2,1,2,3,11,9,6,3,5,2,2,0,3,8,4,4,4,0,2,0,2,8,4,4,4,0,2,0,2,20,4.866666666666667
2016-10-30,Southampton,Chelsea,0,2,A,0,1,A,9,13,1,7,13,16,7,3,0,0,0,0,20.32,20.8,-0.28,1,9,13,9,3,11,8,3,2,4,8,4,1,6,3,2,0,2,8,4,1,6,3,2,0,2,5,19,9,6,19,9,6,2,1,7,4,-2,6,6,2,1,1,7,4,-2,6,6,2,1,1,11,12,7,2,5,2,3,1,3,4,2,0,2,0,1,0,1,4,2,0,2,0,1,0,1,8,13,11,-2,4,6,2,1,7,5,4,-2,1,3,1,1,2,5,4,-2,1,3,1,1,2,15,3.85
2016-10-30,Southampton,Chelsea,0,2,A,0,1,A,9,13,1,7,13,16,7,3,0,0,0,0,20.32,20.8,-0.28,1,9,13,9,3,11,8,3,2,4,8,4,1,6,3,2,0,2,8,4,1,6,3,2,0,2,5,19,9,6,19,9,6,2,1,7,4,-2,6,6,2,1,1,7,4,-2,6,6,2,1,1,11,12,7,2,5,2,3,1,3,4,2,0,2,0,1,0,1,4,2,0,2,0,1,0,1,8,13,11,-2,4,6,2,1,7,5,4,-2,1,3,1,1,2,5,4,-2,1,3,1,1,2,13,4.483333333333333
2016-10-30,Everton,West Ham,2,0,H,0,0,D,17,13,6,3,15,12,8,8,2,3,0,0,20.26,19.51,0.95,1,6,15,9,6,13,8,4,2,3,8,4,3,6,3,2,0,2,8,4,3,6,3,2,0,2,16,10,9,-8,10,17,3,6,1,3,4,-5,5,9,1,3,0,3,4,-5,5,9,1,3,0,7,14,13,-1,6,9,3,2,5,11,8,0,5,6,3,3,2,11,8,0,5,6,3,3,2,4,18,11,-2,5,6,5,2,3,4,4,-5,1,5,1,2,1,4,4,-5,1,5,1,2,1,9,5.216666666666666
2016-10-30,Everton,West Ham,2,0,H,0,0,D,17,13,6,3,15,12,8,8,2,3,0,0,20.26,19.51,0.95,1,6,15,9,6,13,8,4,2,3,8,4,3,6,3,2,0,2,8,4,3,6,3,2,0,2,16,10,9,-8,10,17,3,6,1,3,4,-5,5,9,1,3,0,3,4,-5,5,9,1,3,0,7,14,13,-1,6,9,3,2,5,11,8,0,5,6,3,3,2,11,8,0,5,6,3,3,2,4,18,11,-2,5,6,5,2,3,4,4,-5,1,5,1,2,1,4,4,-5,1,5,1,2,1,11,3.3666666666666667
2016-10-31,Stoke,Swansea,3,1,H,1,1,D,17,14,4,6,7,14,6,4,2,0,0,0,19.66,19.69,0.16,1,17,9,9,-9,9,16,2,8,3,4,4,-7,4,9,1,2,1,4,4,-7,4,9,1,2,1,19,5,9,-7,8,15,1,6,2,3,4,-1,4,6,1,3,0,3,4,-1,4,6,1,3,0,9,13,11,-3,4,6,3,2,4,8,6,0,3,3,2,2,2,8,6,0,3,3,2,2,2,7,14,9,6,10,5,4,2,2,2,4,-1,1,3,0,2,2,2,4,-1,1,3,0,2,2,11,3.383333333333333
2016-10-31,Stoke,Swansea,3,1,H,1,1,D,17,14,4,6,7,14,6,4,2,0,0,0,19.66,19.69,0.16,1,17,9,9,-9,9,16,2,8,3,4,4,-7,4,9,1,2,1,4,4,-7,4,9,1,2,1,19,5,9,-7,8,15,1,6,2,3,4,-1,4,6,1,3,0,3,4,-1,4,6,1,3,0,9,13,11,-3,4,6,3,2,4,8,6,0,3,3,2,2,2,8,6,0,3,3,2,2,2,7,14,9,6,10,5,4,2,2,2,4,-1,1,3,0,2,2,2,4,-1,1,3,0,2,2,2,2.1333333333333333
2016-11-05,Chelsea,Everton,5,0,H,3,0,H,21,1,9,0,5,16,4,2,0,3,0,0,20.97,20.36,0.81,1,4,22,10,10,21,9,7,2,1,12,5,6,13,3,4,1,0,12,5,6,13,3,4,1,0,6,18,10,5,15,8,5,2,3,7,5,3,7,5,2,2,1,7,5,3,7,5,2,2,1,6,16,12,-2,5,6,3,1,7,8,7,0,3,3,1,1,5,8,7,0,3,3,1,1,5,8,14,13,-1,6,9,3,2,5,3,5,-1,1,3,0,2,3,3,5,-1,1,3,0,2,3,16,3.766666666666666
2016-11-05,Burnley,Crystal Palace,3,2,H,2,0,H,14,16,7,5,11,12,4,7,1,2,0,0,19.81,19.66,0.35,1,14,11,10,-5,8,13,3,6,2,10,6,2,7,4,3,2,1,10,6,2,7,4,3,2,1,13,11,10,0,14,16,3,6,2,7,5,1,7,8,2,2,1,7,5,1,7,8,2,2,1,12,11,9,0,3,3,2,2,5,9,5,-1,3,0,2,0,3,9,5,-1,3,0,2,0,3,15,9,10,1,4,6,2,3,3,2,5,-2,1,4,0,3,2,2,5,-2,1,4,0,3,2,8,2.6166666666666667
2016-11-05,Man City,Middlesbrough,1,1,D,1,0,H,25,5,7,3,7,15,8,2,1,3,0,0,21.03,19.98,1.25,0,1,23,10,11,24,9,7,1,2,11,5,7,11,4,3,0,2,11,5,7,11,4,3,0,2,16,10,10,-4,9,11,2,4,4,6,5,-1,4,5,1,1,3,6,5,-1,4,5,1,1,3,13,10,5,1,7,4,3,1,1,0,0,0,0,0,0,0,0,0,0,0,0,0,0,0,0,2,20,15,-1,7,6,4,1,8,6,5,0,3,3,1,1,3,6,5,0,3,3,1,1,3,15,4.3999999999999995
2016-11-05,West Ham,Stoke,1,1,D,0,0,D,9,12,2,4,11,10,6,4,4,1,0,0,19.4,19.84,-0.24,0,17,10,10,-7,10,19,3,7,1,7,5,-4,5,8,2,2,1,7,5,-4,5,8,2,2,1,12,12,10,-7,12,17,3,8,3,5,5,-4,5,7,1,2,2,5,5,-4,5,7,1,2,2,4,19,12,-1,5,6,5,2,4,14,7,0,4,1,4,1,2,14,7,0,4,1,4,1,2,9,13,11,-3,4,6,3,2,4,5,5,-3,1,3,1,2,2,5,5,-3,1,3,1,2,2,14,3.483333333333334
2016-11-05,Man City,Middlesbrough,1,1,D,1,0,H,25,5,7,3,7,15,8,2,1,3,0,0,21.03,19.98,1.25,0,1,23,10,11,24,9,7,1,2,11,5,7,11,4,3,0,2,11,5,7,11,4,3,0,2,16,10,10,-4,9,11,2,4,4,6,5,-1,4,5,1,1,3,6,5,-1,4,5,1,1,3,13,10,5,1,7,4,3,1,1,0,0,0,0,0,0,0,0,0,0,0,0,0,0,0,0,2,20,15,-1,7,6,4,1,8,6,5,0,3,3,1,1,3,6,5,0,3,3,1,1,3,7,2.4166666666666665
2016-11-05,Bournemouth,Sunderland,1,2,A,1,1,D,22,9,7,4,14,17,12,2,3,2,0,1,20.0,19.06,1.14,0,10,12,10,0,12,14,3,9,3,10,5,5,9,4,3,1,1,10,5,5,9,4,3,1,1,20,2,10,-10,7,20,0,18,2,1,5,-4,2,7,0,4,1,1,5,-4,2,7,0,4,1,19,8,6,0,2,3,2,2,2,1,1,0,0,0,0,0,1,1,1,0,0,0,0,0,1,16,9,11,-4,1,5,1,2,6,3,5,-3,0,3,0,2,3,3,5,-3,0,3,0,2,3,1,2.066666666666667
2016-11-05,Burnley,Crystal Palace,3,2,H,2,0,H,14,16,7,5,11,12,4,7,1,2,0,0,19.81,19.66,0.35,1,14,11,10,-5,8,13,3,6,2,10,6,2,7,4,3,2,1,10,6,2,7,4,3,2,1,13,11,10,0,14,16,3,6,2,7,5,1,7,8,2,2,1,7,5,1,7,8,2,2,1,12,11,9,0,3,3,2,2,5,9,5,-1,3,0,2,0,3,9,5,-1,3,0,2,0,3,15,9,10,1,4,6,2,3,3,2,5,-2,1,4,0,3,2,2,5,-2,1,4,0,3,2,10,3.8333333333333335
2016-11-05,West Ham,Stoke,1,1,D,0,0,D,9,12,2,4,11,10,6,4,4,1,0,0,19.4,19.84,-0.24,0,17,10,10,-7,10,19,3,7,1,7,5,-4,5,8,2,2,1,7,5,-4,5,8,2,2,1,12,12,10,-7,12,17,3,8,3,5,5,-4,5,7,1,2,2,5,5,-4,5,7,1,2,2,4,19,12,-1,5,6,5,2,4,14,7,0,4,1,4,1,2,14,7,0,4,1,4,1,2,9,13,11,-3,4,6,3,2,4,5,5,-3,1,3,1,2,2,5,5,-3,1,3,1,2,2,9,5.033333333333333
2016-11-05,Bournemouth,Sunderland,1,2,A,1,1,D,22,9,7,4,14,17,12,2,3,2,0,1,20.0,19.06,1.14,0,10,12,10,0,12,14,3,9,3,10,5,5,9,4,3,1,1,10,5,5,9,4,3,1,1,20,2,10,-10,7,20,0,18,2,1,5,-4,2,7,0,4,1,1,5,-4,2,7,0,4,1,19,8,6,0,2,3,2,2,2,1,1,0,0,0,0,0,1,1,1,0,0,0,0,0,1,16,9,11,-4,1,5,1,2,6,3,5,-3,0,3,0,2,3,3,5,-3,0,3,0,2,3,9,3.65
2016-11-05,Chelsea,Everton,5,0,H,3,0,H,21,1,9,0,5,16,4,2,0,3,0,0,20.97,20.36,0.81,1,4,22,10,10,21,9,7,2,1,12,5,6,13,3,4,1,0,12,5,6,13,3,4,1,0,6,18,10,5,15,8,5,2,3,7,5,3,7,5,2,2,1,7,5,3,7,5,2,2,1,6,16,12,-2,5,6,3,1,7,8,7,0,3,3,1,1,5,8,7,0,3,3,1,1,5,8,14,13,-1,6,9,3,2,5,3,5,-1,1,3,0,2,3,3,5,-1,1,3,0,2,3,9,3.4333333333333336
2016-11-06,Liverpool,Watford,6,1,H,3,0,H,28,11,17,8,14,10,6,3,1,2,0,0,20.8,19.92,1.08,1,4,23,10,9,24,13,7,1,2,10,4,7,11,3,3,0,1,10,4,7,11,3,3,0,1,8,15,10,0,14,13,4,3,3,8,5,1,6,5,2,1,2,8,5,1,6,5,2,1,2,15,10,6,0,7,6,3,2,1,0,0,0,0,0,0,0,0,0,0,0,0,0,0,0,0,19,8,7,0,3,3,1,1,5,6,5,0,3,3,1,1,3,6,5,0,3,3,1,1,3,14,3.8000000000000003
2016-11-06,Swansea,Man United,1,3,A,0,3,A,6,9,1,3,9,16,2,0,0,2,0,0,19.51,19.92,-0.21,1,19,5,10,-7,9,18,1,7,2,2,5,-5,4,9,0,3,2,2,5,-5,4,9,0,3,2,7,15,10,1,13,12,4,3,3,7,5,1,5,8,2,2,1,7,5,1,5,8,2,2,1,8,15,10,5,11,6,4,2,3,12,5,0,9,2,4,1,0,12,5,0,9,2,4,1,0,3,19,12,6,10,6,5,2,4,5,5,0,1,3,1,2,2,5,5,0,1,3,1,2,2,1,2.3833333333333333
2016-11-06,Leicester,West Brom,1,2,A,0,0,D,5,11,2,5,8,8,5,6,0,2,0,0,19.85,19.62,0.43,0,13,12,10,-4,12,16,3,4,3,11,5,4,8,2,3,0,2,11,5,4,8,2,3,0,2,17,10,10,0,10,14,2,4,4,5,5,0,4,5,1,2,2,5,5,0,4,5,1,2,2,18,9,13,-10,4,15,2,5,3,9,8,0,3,5,2,3,3,9,8,0,3,5,2,3,3,4,19,13,-1,9,5,4,1,7,6,5,1,1,2,1,1,3,6,5,1,1,2,1,1,3,8,2.266666666666667
2016-11-06,Hull,Southampton,2,1,H,0,1,A,6,19,2,7,13,15,1,10,0,5,0,0,18.8,20.15,-1.15,0,18,7,10,-14,8,23,2,7,1,3,5,-5,3,10,1,4,0,3,5,-5,3,10,1,4,0,10,13,10,3,11,10,3,3,4,5,5,0,5,5,1,2,2,5,5,0,5,5,1,2,2,1,20,13,5,14,9,5,2,5,17,8,7,13,3,5,1,2,17,8,7,13,3,5,1,2,12,12,7,2,5,2,3,1,3,8,5,0,3,2,2,1,2,8,5,0,3,2,2,1,2,15,4.05
2016-11-06,Swansea,Man United,1,3,A,0,3,A,6,9,1,3,9,16,2,0,0,2,0,0,19.51,19.92,-0.21,1,19,5,10,-7,9,18,1,7,2,2,5,-5,4,9,0,3,2,2,5,-5,4,9,0,3,2,7,15,10,1,13,12,4,3,3,7,5,1,5,8,2,2,1,7,5,1,5,8,2,2,1,8,15,10,5,11,6,4,2,3,12,5,0,9,2,4,1,0,12,5,0,9,2,4,1,0,3,19,12,6,10,6,5,2,4,5,5,0,1,3,1,2,2,5,5,0,1,3,1,2,2,7,5.083333333333333
2016-11-06,Arsenal,Tottenham,1,1,D,1,0,H,15,10,2,3,11,17,7,2,1,2,0,0,20.79,20.52,0.47,0,3,23,10,10,23,10,7,2,2,10,5,4,11,7,3,1,1,10,5,4,11,7,3,1,1,5,20,10,9,14,5,5,0,5,9,5,5,8,3,2,0,3,9,5,5,8,3,2,0,3,11,12,7,3,6,2,3,0,3,1,2,0,1,2,0,1,1,1,2,0,1,2,0,1,1,6,16,13,1,10,9,3,1,7,8,5,2,3,1,2,1,2,8,5,2,3,1,2,1,2,22,4.8500000000000005
2016-11-06,Hull,Southampton,2,1,H,0,1,A,6,19,2,7,13,15,1,10,0,5,0,0,18.8,20.15,-1.15,0,18,7,10,-14,8,23,2,7,1,3,5,-5,3,10,1,4,0,3,5,-5,3,10,1,4,0,10,13,10,3,11,10,3,3,4,5,5,0,5,5,1,2,2,5,5,0,5,5,1,2,2,1,20,13,5,14,9,5,2,5,17,8,7,13,3,5,1,2,17,8,7,13,3,5,1,2,12,12,7,2,5,2,3,1,3,8,5,0,3,2,2,1,2,8,5,0,3,2,2,1,2,0,1.8333333333333333
2016-11-06,Liverpool,Watford,6,1,H,3,0,H,28,11,17,8,14,10,6,3,1,2,0,0,20.8,19.92,1.08,1,4,23,10,9,24,13,7,1,2,10,4,7,11,3,3,0,1,10,4,7,11,3,3,0,1,8,15,10,0,14,13,4,3,3,8,5,1,6,5,2,1,2,8,5,1,6,5,2,1,2,15,10,6,0,7,6,3,2,1,0,0,0,0,0,0,0,0,0,0,0,0,0,0,0,0,19,8,7,0,3,3,1,1,5,6,5,0,3,3,1,1,3,6,5,0,3,3,1,1,3,22,4.783333333333334
2016-11-06,Leicester,West Brom,1,2,A,0,0,D,5,11,2,5,8,8,5,6,0,2,0,0,19.85,19.62,0.43,0,13,12,10,-4,12,16,3,4,3,11,5,4,8,2,3,0,2,11,5,4,8,2,3,0,2,17,10,10,0,10,14,2,4,4,5,5,0,4,5,1,2,2,5,5,0,4,5,1,2,2,18,9,13,-10,4,15,2,5,3,9,8,0,3,5,2,3,3,9,8,0,3,5,2,3,3,4,19,13,-1,9,5,4,1,7,6,5,1,1,2,1,1,3,6,5,1,1,2,1,1,3,9,3.133333333333333
2016-11-06,Arsenal,Tottenham,1,1,D,1,0,H,15,10,2,3,11,17,7,2,1,2,0,0,20.79,20.52,0.47,0,3,23,10,10,23,10,7,2,2,10,5,4,11,7,3,1,1,10,5,4,11,7,3,1,1,5,20,10,9,14,5,5,0,5,9,5,5,8,3,2,0,3,9,5,5,8,3,2,0,3,11,12,7,3,6,2,3,0,3,1,2,0,1,2,0,1,1,1,2,0,1,2,0,1,1,6,16,13,1,10,9,3,1,7,8,5,2,3,1,2,1,2,8,5,2,3,1,2,1,2,16,5.45
2016-11-19,Southampton,Liverpool,0,0,D,0,0,D,3,15,0,2,8,11,1,8,1,1,0,0,19.93,21.19,-1.06,0,10,13,11,1,12,12,3,4,4,8,5,3,6,5,2,1,2,8,5,3,6,5,2,1,2,1,26,11,11,30,14,8,1,2,13,6,1,13,10,4,1,1,13,6,1,13,10,4,1,1,10,15,8,3,6,2,4,1,3,4,2,0,2,0,1,0,1,4,2,0,2,0,1,0,1,16,10,6,0,7,6,3,2,1,10,6,0,7,6,3,2,1,10,6,0,7,6,3,2,1,12,3.883333333333333
2016-11-19,Sunderland,Hull,3,0,H,1,0,H,11,17,4,7,9,8,2,8,1,0,1,0,19.28,19.01,0.47,1,20,5,11,-13,9,21,1,23,2,1,5,-5,5,13,0,4,1,1,5,-5,5,13,0,4,1,18,10,11,-15,10,24,3,7,1,4,5,-7,5,13,1,3,1,4,5,-7,5,13,1,3,1,17,10,12,-4,2,6,1,2,7,6,6,3,1,2,1,2,3,6,6,3,1,2,1,2,3,2,20,13,5,14,9,5,2,5,3,5,-5,1,6,0,2,3,3,5,-5,1,6,0,2,3,3,1.9833333333333334
2016-11-19,Tottenham,West Ham,3,2,H,0,1,A,14,11,6,3,13,16,4,5,3,2,0,1,20.57,19.42,1.35,1,5,21,11,9,15,6,5,0,6,11,5,4,6,2,3,0,2,11,5,4,6,2,3,0,2,17,11,11,-9,11,20,3,7,2,3,5,-4,5,11,1,4,0,3,5,-4,5,11,1,4,0,6,16,14,1,10,10,3,2,7,8,8,3,7,8,1,2,5,8,8,3,7,8,1,2,5,5,19,12,-1,5,6,5,2,4,5,5,-4,1,5,1,2,2,5,5,-4,1,5,1,2,2,10,4.483333333333333
2016-11-19,Watford,Leicester,2,1,H,2,1,H,10,10,3,2,12,18,4,6,2,3,0,0,19.53,19.71,0.02,1,8,15,11,1,15,19,4,4,3,7,5,-1,8,8,2,2,1,7,5,-1,8,8,2,2,1,14,12,11,-4,13,18,3,5,3,1,5,-10,4,14,0,4,1,1,5,-10,4,14,0,4,1,20,13,15,0,4,10,2,2,7,7,9,-1,1,4,1,4,4,7,9,-1,1,4,1,4,4,19,9,13,-10,4,15,2,5,3,0,5,-8,1,10,0,5,0,0,5,-8,1,10,0,5,0,6,2.683333333333333
2016-11-19,Sunderland,Hull,3,0,H,1,0,H,11,17,4,7,9,8,2,8,1,0,1,0,19.28,19.01,0.47,1,20,5,11,-13,9,21,1,23,2,1,5,-5,5,13,0,4,1,1,5,-5,5,13,0,4,1,18,10,11,-15,10,24,3,7,1,4,5,-7,5,13,1,3,1,4,5,-7,5,13,1,3,1,17,10,12,-4,2,6,1,2,7,6,6,3,1,2,1,2,3,6,6,3,1,2,1,2,3,2,20,13,5,14,9,5,2,5,3,5,-5,1,6,0,2,3,3,5,-5,1,6,0,2,3,6,2.3000000000000003
2016-11-19,Crystal Palace,Man City,1,2,A,0,1,A,9,10,2,4,12,15,2,7,1,2,0,0,19.6,20.9,-1.11,1,15,11,11,-2,16,19,3,7,2,4,5,1,7,8,1,3,1,4,5,1,7,8,1,3,1,3,24,11,15,25,10,7,1,3,12,5,4,13,5,4,1,0,12,5,4,13,5,4,1,0,18,9,11,-2,4,8,2,4,3,7,5,0,3,2,2,2,1,7,5,0,3,2,2,2,1,15,10,5,1,7,4,3,1,1,10,5,1,7,4,3,1,1,10,5,1,7,4,3,1,1,13,4.783333333333334
2016-11-19,Watford,Leicester,2,1,H,2,1,H,10,10,3,2,12,18,4,6,2,3,0,0,19.53,19.71,0.02,1,8,15,11,1,15,19,4,4,3,7,5,-1,8,8,2,2,1,7,5,-1,8,8,2,2,1,14,12,11,-4,13,18,3,5,3,1,5,-10,4,14,0,4,1,1,5,-10,4,14,0,4,1,20,13,15,0,4,10,2,2,7,7,9,-1,1,4,1,4,4,7,9,-1,1,4,1,4,4,19,9,13,-10,4,15,2,5,3,0,5,-8,1,10,0,5,0,0,5,-8,1,10,0,5,0,11,3.5
2016-11-19,Stoke,Bournemouth,0,1,A,0,1,A,14,9,6,2,17,10,3,4,3,2,0,0,19.82,19.79,0.23,0,12,13,11,-5,13,18,3,8,4,7,5,-5,7,10,2,2,1,7,5,-5,7,10,2,2,1,13,12,11,-2,13,16,3,10,3,2,5,-5,3,10,0,3,2,2,5,-5,3,10,0,3,2,11,14,12,-2,4,6,3,2,5,8,6,0,3,3,2,2,2,8,6,0,3,3,2,2,2,9,15,11,5,6,7,4,2,3,7,5,0,2,3,2,2,1,7,5,0,2,3,2,2,1,9,4.316666666666666
2016-11-19,Man United,Arsenal,1,1,D,0,0,D,12,5,5,1,14,11,10,4,3,3,0,0,20.1,20.75,-0.45,0,7,18,11,1,16,13,5,3,3,8,5,4,8,4,2,1,2,8,5,4,8,4,2,1,2,4,24,11,13,24,11,7,2,3,13,5,6,12,3,4,0,1,13,5,6,12,3,4,0,1,1,22,13,4,13,6,6,2,4,14,7,0,9,3,4,1,2,14,7,0,9,3,4,1,2,13,12,7,3,6,2,3,0,3,11,5,4,5,0,3,0,2,11,5,4,5,0,3,0,2,12,4.783333333333333
2016-11-19,Crystal Palace,Man City,1,2,A,0,1,A,9,10,2,4,12,15,2,7,1,2,0,0,19.6,20.9,-1.11,1,15,11,11,-2,16,19,3,7,2,4,5,1,7,8,1,3,1,4,5,1,7,8,1,3,1,3,24,11,15,25,10,7,1,3,12,5,4,13,5,4,1,0,12,5,4,13,5,4,1,0,18,9,11,-2,4,8,2,4,3,7,5,0,3,2,2,2,1,7,5,0,3,2,2,2,1,15,10,5,1,7,4,3,1,1,10,5,1,7,4,3,1,1,10,5,1,7,4,3,1,1,7,3.8666666666666667
2016-11-19,Stoke,Bournemouth,0,1,A,0,1,A,14,9,6,2,17,10,3,4,3,2,0,0,19.82,19.79,0.23,0,12,13,11,-5,13,18,3,8,4,7,5,-5,7,10,2,2,1,7,5,-5,7,10,2,2,1,13,12,11,-2,13,16,3,10,3,2,5,-5,3,10,0,3,2,2,5,-5,3,10,0,3,2,11,14,12,-2,4,6,3,2,5,8,6,0,3,3,2,2,2,8,6,0,3,3,2,2,2,9,15,11,5,6,7,4,2,3,7,5,0,2,3,2,2,1,7,5,0,2,3,2,2,1,16,3.516666666666667
2016-11-19,Southampton,Liverpool,0,0,D,0,0,D,3,15,0,2,8,11,1,8,1,1,0,0,19.93,21.19,-1.06,0,10,13,11,1,12,12,3,4,4,8,5,3,6,5,2,1,2,8,5,3,6,5,2,1,2,1,26,11,11,30,14,8,1,2,13,6,1,13,10,4,1,1,13,6,1,13,10,4,1,1,10,15,8,3,6,2,4,1,3,4,2,0,2,0,1,0,1,4,2,0,2,0,1,0,1,16,10,6,0,7,6,3,2,1,10,6,0,7,6,3,2,1,10,6,0,7,6,3,2,1,20,4.966666666666667
2016-11-19,Everton,Swansea,1,1,D,0,1,A,14,5,6,3,13,12,10,3,4,2,0,0,19.94,19.33,0.81,0,6,18,11,7,15,13,5,3,3,11,5,3,8,3,3,0,2,11,5,3,8,3,3,0,2,19,5,11,-9,10,21,1,8,2,3,5,-2,5,9,1,4,0,3,5,-2,5,9,1,4,0,12,14,14,-3,6,12,3,3,5,11,8,0,5,6,3,3,2,11,8,0,5,6,3,3,2,8,15,10,5,11,6,4,2,3,3,5,-2,2,4,0,2,3,3,5,-2,2,4,0,2,3,6,3.0
2016-11-19,Man United,Arsenal,1,1,D,0,0,D,12,5,5,1,14,11,10,4,3,3,0,0,20.1,20.75,-0.45,0,7,18,11,1,16,13,5,3,3,8,5,4,8,4,2,1,2,8,5,4,8,4,2,1,2,4,24,11,13,24,11,7,2,3,13,5,6,12,3,4,0,1,13,5,6,12,3,4,0,1,1,22,13,4,13,6,6,2,4,14,7,0,9,3,4,1,2,14,7,0,9,3,4,1,2,13,12,7,3,6,2,3,0,3,11,5,4,5,0,3,0,2,11,5,4,5,0,3,0,2,18,4.633333333333334
2016-11-19,Everton,Swansea,1,1,D,0,1,A,14,5,6,3,13,12,10,3,4,2,0,0,19.94,19.33,0.81,0,6,18,11,7,15,13,5,3,3,11,5,3,8,3,3,0,2,11,5,3,8,3,3,0,2,19,5,11,-9,10,21,1,8,2,3,5,-2,5,9,1,4,0,3,5,-2,5,9,1,4,0,12,14,14,-3,6,12,3,3,5,11,8,0,5,6,3,3,2,11,8,0,5,6,3,3,2,8,15,10,5,11,6,4,2,3,3,5,-2,2,4,0,2,3,3,5,-2,2,4,0,2,3,1,2.35
2016-11-19,Tottenham,West Ham,3,2,H,0,1,A,14,11,6,3,13,16,4,5,3,2,0,1,20.57,19.42,1.35,1,5,21,11,9,15,6,5,0,6,11,5,4,6,2,3,0,2,11,5,4,6,2,3,0,2,17,11,11,-9,11,20,3,7,2,3,5,-4,5,11,1,4,0,3,5,-4,5,11,1,4,0,6,16,14,1,10,10,3,2,7,8,8,3,7,8,1,2,5,8,8,3,7,8,1,2,5,5,19,12,-1,5,6,5,2,4,5,5,-4,1,5,1,2,2,5,5,-4,1,5,1,2,2,15,4.333333333333333
2016-11-20,Middlesbrough,Chelsea,0,1,A,0,1,A,12,13,1,3,13,10,2,3,2,3,0,0,20.1,21.39,-1.09,1,15,11,11,-2,10,12,2,4,5,4,5,-3,5,6,1,3,1,4,5,-3,5,6,1,3,1,4,25,11,12,26,9,8,2,1,10,5,0,8,6,3,1,1,10,5,0,8,6,3,1,1,5,20,16,1,7,7,4,2,8,14,10,3,4,3,3,2,5,14,10,3,4,3,3,2,5,9,16,12,-2,5,6,3,1,7,8,5,-2,2,3,2,1,2,8,5,-2,2,3,2,1,2,19,4.1
2016-11-20,Middlesbrough,Chelsea,0,1,A,0,1,A,12,13,1,3,13,10,2,3,2,3,0,0,20.1,21.39,-1.09,1,15,11,11,-2,10,12,2,4,5,4,5,-3,5,6,1,3,1,4,5,-3,5,6,1,3,1,4,25,11,12,26,9,8,2,1,10,5,0,8,6,3,1,1,10,5,0,8,6,3,1,1,5,20,16,1,7,7,4,2,8,14,10,3,4,3,3,2,5,14,10,3,4,3,3,2,5,9,16,12,-2,5,6,3,1,7,8,5,-2,2,3,2,1,2,8,5,-2,2,3,2,1,2,9,2.15
2016-11-21,West Brom,Burnley,4,0,H,3,0,H,16,5,6,2,12,12,4,3,0,0,0,0,19.76,19.88,0.09,1,12,13,11,-4,12,15,3,4,4,5,5,1,6,9,1,2,2,5,5,1,6,9,1,2,2,11,14,11,-5,11,15,4,6,2,1,4,-8,1,9,0,3,1,1,4,-8,1,9,0,3,1,4,20,14,4,9,5,4,1,8,13,8,3,8,3,3,1,4,13,8,3,8,3,3,1,4,17,11,9,0,3,3,2,2,5,2,4,-3,0,3,0,2,2,2,4,-3,0,3,0,2,2,11,2.9333333333333336
2016-11-21,West Brom,Burnley,4,0,H,3,0,H,16,5,6,2,12,12,4,3,0,0,0,0,19.76,19.88,0.09,1,12,13,11,-4,12,15,3,4,4,5,5,1,6,9,1,2,2,5,5,1,6,9,1,2,2,11,14,11,-5,11,15,4,6,2,1,4,-8,1,9,0,3,1,1,4,-8,1,9,0,3,1,4,20,14,4,9,5,4,1,8,13,8,3,8,3,3,1,4,13,8,3,8,3,3,1,4,17,11,9,0,3,3,2,2,5,2,4,-3,0,3,0,2,2,2,4,-3,0,3,0,2,2,10,2.5333333333333337
2016-11-26,Swansea,Crystal Palace,5,4,H,1,1,D,18,12,9,4,12,24,10,6,4,5,0,0,19.41,19.61,0.01,1,20,6,12,-11,11,22,1,10,3,2,6,-5,5,12,0,4,2,2,6,-5,5,12,0,4,2,16,11,12,-3,17,21,3,8,2,7,6,-1,9,11,2,3,1,7,6,-1,9,11,2,3,1,7,18,11,5,12,6,5,2,3,12,5,0,9,2,4,1,0,12,5,0,9,2,4,1,0,16,12,12,4,7,8,3,4,3,2,6,-3,1,6,0,4,2,2,6,-3,1,6,0,4,2,2,3.1999999999999997
2016-11-26,Chelsea,Tottenham,2,1,H,1,1,D,9,12,5,6,13,16,3,8,2,1,0,0,21.38,20.54,1.04,1,1,28,12,17,27,9,9,2,1,15,6,10,18,3,5,1,0,15,6,10,18,3,5,1,0,5,24,12,9,18,8,6,0,6,10,6,5,9,4,2,0,4,10,6,5,9,4,2,0,4,6,19,13,-1,6,6,4,1,7,8,7,0,3,3,1,1,5,8,7,0,3,3,1,1,5,9,16,14,1,10,10,3,2,7,8,6,2,3,2,2,2,2,8,6,2,3,2,2,2,2,24,4.45
2016-11-26,Swansea,Crystal Palace,5,4,H,1,1,D,18,12,9,4,12,24,10,6,4,5,0,0,19.41,19.61,0.01,1,20,6,12,-11,11,22,1,10,3,2,6,-5,5,12,0,4,2,2,6,-5,5,12,0,4,2,16,11,12,-3,17,21,3,8,2,7,6,-1,9,11,2,3,1,7,6,-1,9,11,2,3,1,7,18,11,5,12,6,5,2,3,12,5,0,9,2,4,1,0,12,5,0,9,2,4,1,0,16,12,12,4,7,8,3,4,3,2,6,-3,1,6,0,4,2,2,6,-3,1,6,0,4,2,3,2.066666666666667
2016-11-26,Chelsea,Tottenham,2,1,H,1,1,D,9,12,5,6,13,16,3,8,2,1,0,0,21.38,20.54,1.04,1,1,28,12,17,27,9,9,2,1,15,6,10,18,3,5,1,0,15,6,10,18,3,5,1,0,5,24,12,9,18,8,6,0,6,10,6,5,9,4,2,0,4,10,6,5,9,4,2,0,4,6,19,13,-1,6,6,4,1,7,8,7,0,3,3,1,1,5,8,7,0,3,3,1,1,5,9,16,14,1,10,10,3,2,7,8,6,2,3,2,2,2,2,8,6,2,3,2,2,2,2,13,3.933333333333333
2016-11-26,Liverpool,Sunderland,2,0,H,0,0,D,27,6,7,1,5,9,9,4,1,3,0,0,21.09,19.53,1.76,1,2,27,12,16,30,14,8,1,3,13,5,8,17,4,4,0,1,13,5,8,17,4,4,0,1,19,8,12,-12,12,21,2,24,2,4,6,-5,4,8,1,4,1,4,6,-5,4,8,1,4,1,17,11,7,1,7,6,3,2,2,0,0,0,0,0,0,0,0,0,0,0,0,0,0,0,0,19,10,12,-4,2,6,1,2,7,4,6,-3,1,4,0,2,4,4,6,-3,1,4,0,2,4,9,2.4499999999999997
2016-11-26,Leicester,Middlesbrough,2,2,D,1,1,D,11,6,3,2,15,12,2,3,4,4,0,0,19.61,20.11,-0.3,0,14,12,12,-5,14,20,3,6,3,11,6,6,9,4,3,1,2,11,6,6,9,4,3,1,2,15,11,12,-2,10,13,2,5,5,7,6,-1,5,6,1,1,4,7,6,-1,5,6,1,1,4,20,11,18,4,7,21,2,6,5,11,12,10,5,9,2,5,5,11,12,10,5,9,2,5,5,5,20,16,1,7,7,4,2,8,6,6,0,3,4,1,2,3,6,6,0,3,4,1,2,3,6,2.733333333333333
2016-11-26,Hull,West Brom,1,1,D,0,1,A,10,11,4,2,7,10,2,6,3,2,0,0,18.76,20.16,-1.2,0,18,10,12,-14,10,27,3,8,1,6,6,-7,5,11,2,4,0,6,6,-7,5,11,2,4,0,9,16,12,-3,16,15,4,4,4,8,6,-1,6,6,2,2,2,8,6,-1,6,6,2,2,2,3,20,14,5,14,10,5,3,5,17,8,7,13,3,5,1,2,17,8,7,13,3,5,1,2,4,20,14,4,9,5,4,1,8,7,6,-1,1,2,1,1,4,7,6,-1,1,2,1,1,4,11,2.8666666666666667
2016-11-26,Leicester,Middlesbrough,2,2,D,1,1,D,11,6,3,2,15,12,2,3,4,4,0,0,19.61,20.11,-0.3,0,14,12,12,-5,14,20,3,6,3,11,6,6,9,4,3,1,2,11,6,6,9,4,3,1,2,15,11,12,-2,10,13,2,5,5,7,6,-1,5,6,1,1,4,7,6,-1,5,6,1,1,4,20,11,18,4,7,21,2,6,5,11,12,10,5,9,2,5,5,11,12,10,5,9,2,5,5,5,20,16,1,7,7,4,2,8,6,6,0,3,4,1,2,3,6,6,0,3,4,1,2,3,9,2.5
2016-11-26,Hull,West Brom,1,1,D,0,1,A,10,11,4,2,7,10,2,6,3,2,0,0,18.76,20.16,-1.2,0,18,10,12,-14,10,27,3,8,1,6,6,-7,5,11,2,4,0,6,6,-7,5,11,2,4,0,9,16,12,-3,16,15,4,4,4,8,6,-1,6,6,2,2,2,8,6,-1,6,6,2,2,2,3,20,14,5,14,10,5,3,5,17,8,7,13,3,5,1,2,17,8,7,13,3,5,1,2,4,20,14,4,9,5,4,1,8,7,6,-1,1,2,1,1,4,7,6,-1,1,2,1,1,4,3,2.533333333333333
2016-11-26,Burnley,Man City,1,2,A,1,1,D,10,21,5,5,5,15,5,8,2,3,0,0,19.48,20.89,-1.21,1,12,14,12,-4,11,19,4,7,2,13,7,3,10,6,4,2,1,13,7,3,10,6,4,2,1,3,27,12,15,27,11,8,1,3,15,6,8,15,6,5,1,0,15,6,8,15,6,5,1,0,18,11,10,0,3,6,2,3,5,9,5,-1,3,0,2,0,3,9,5,-1,3,0,2,0,3,15,13,6,3,8,4,4,1,1,13,6,3,8,4,4,1,1,13,6,3,8,4,4,1,1,8,2.4
2016-11-26,Burnley,Man City,1,2,A,1,1,D,10,21,5,5,5,15,5,8,2,3,0,0,19.48,20.89,-1.21,1,12,14,12,-4,11,19,4,7,2,13,7,3,10,6,4,2,1,13,7,3,10,6,4,2,1,3,27,12,15,27,11,8,1,3,15,6,8,15,6,5,1,0,15,6,8,15,6,5,1,0,18,11,10,0,3,6,2,3,5,9,5,-1,3,0,2,0,3,9,5,-1,3,0,2,0,3,15,13,6,3,8,4,4,1,1,13,6,3,8,4,4,1,1,13,6,3,8,4,4,1,1,13,4.383333333333333
2016-11-26,Liverpool,Sunderland,2,0,H,0,0,D,27,6,7,1,5,9,9,4,1,3,0,0,21.09,19.53,1.76,1,2,27,12,16,30,14,8,1,3,13,5,8,17,4,4,0,1,13,5,8,17,4,4,0,1,19,8,12,-12,12,21,2,24,2,4,6,-5,4,8,1,4,1,4,6,-5,4,8,1,4,1,17,11,7,1,7,6,3,2,2,0,0,0,0,0,0,0,0,0,0,0,0,0,0,0,0,19,10,12,-4,2,6,1,2,7,4,6,-3,1,4,0,2,4,4,6,-3,1,4,0,2,4,19,4.366666666666667
2016-11-27,Man United,West Ham,1,1,D,1,1,D,17,6,8,2,16,16,8,4,3,1,0,0,20.14,19.46,0.89,0,6,19,12,3,17,14,5,3,4,9,6,4,9,5,2,1,3,9,6,4,9,5,2,1,3,17,11,12,-9,13,23,3,8,2,3,6,-6,7,14,1,5,0,3,6,-6,7,14,1,5,0,2,22,13,4,13,6,6,2,4,14,7,0,9,3,4,1,2,14,7,0,9,3,4,1,2,3,22,13,-1,6,6,6,2,4,8,6,-4,2,5,2,2,2,8,6,-4,2,5,2,2,2,10,4.55
2016-11-27,Man United,West Ham,1,1,D,1,1,D,17,6,8,2,16,16,8,4,3,1,0,0,20.14,19.46,0.89,0,6,19,12,3,17,14,5,3,4,9,6,4,9,5,2,1,3,9,6,4,9,5,2,1,3,17,11,12,-9,13,23,3,8,2,3,6,-6,7,14,1,5,0,3,6,-6,7,14,1,5,0,2,22,13,4,13,6,6,2,4,14,7,0,9,3,4,1,2,14,7,0,9,3,4,1,2,3,22,13,-1,6,6,6,2,4,8,6,-4,2,5,2,2,2,8,6,-4,2,5,2,2,2,10,4.266666666666667
2016-11-27,Southampton,Everton,1,0,H,1,0,H,17,13,7,1,11,15,5,2,0,2,0,0,20.04,19.86,0.38,1,11,14,12,0,12,12,3,4,5,9,6,1,6,5,2,1,3,9,6,1,6,5,2,1,3,7,19,12,2,16,14,5,3,4,7,6,2,7,10,2,3,1,7,6,2,7,10,2,3,1,11,15,8,3,6,2,4,1,3,4,2,0,2,0,1,0,1,4,2,0,2,0,1,0,1,15,14,14,-3,6,12,3,3,5,3,6,-2,1,6,0,3,3,3,6,-2,1,6,0,3,3,7,2.966666666666667
2016-11-27,Arsenal,Bournemouth,3,1,H,1,1,D,16,9,3,3,12,13,3,10,3,5,0,0,20.7,19.91,0.99,1,4,25,12,13,25,12,7,2,4,11,6,4,12,8,3,1,2,11,6,4,12,8,3,1,2,10,15,12,-3,14,16,4,10,3,5,6,-7,4,10,1,3,2,5,6,-7,4,10,1,3,2,16,13,8,4,6,2,3,0,4,1,2,0,1,2,0,1,1,1,2,0,1,2,0,1,1,8,18,12,-1,7,7,5,2,3,10,6,-1,3,3,3,2,1,10,6,-1,3,3,3,2,1,11,4.1
2016-11-27,Southampton,Everton,1,0,H,1,0,H,17,13,7,1,11,15,5,2,0,2,0,0,20.04,19.86,0.38,1,11,14,12,0,12,12,3,4,5,9,6,1,6,5,2,1,3,9,6,1,6,5,2,1,3,7,19,12,2,16,14,5,3,4,7,6,2,7,10,2,3,1,7,6,2,7,10,2,3,1,11,15,8,3,6,2,4,1,3,4,2,0,2,0,1,0,1,4,2,0,2,0,1,0,1,15,14,14,-3,6,12,3,3,5,3,6,-2,1,6,0,3,3,3,6,-2,1,6,0,3,3,8,3.4
2016-11-27,Watford,Stoke,0,1,A,0,1,A,11,14,2,1,24,14,3,3,3,0,1,0,19.63,19.69,0.14,0,8,18,12,-4,17,20,5,4,3,10,6,0,10,9,3,2,1,10,6,0,10,9,3,2,1,13,13,12,-5,13,19,3,9,4,6,6,-2,6,8,1,2,3,6,6,-2,6,8,1,2,3,10,16,16,-6,6,11,3,2,7,10,10,-3,3,5,2,4,4,10,10,-3,3,5,2,4,4,14,14,12,-2,4,6,3,2,5,6,6,-2,1,3,1,2,3,6,6,-2,1,3,1,2,3,14,3.533333333333333
2016-11-27,Watford,Stoke,0,1,A,0,1,A,11,14,2,1,24,14,3,3,3,0,1,0,19.63,19.69,0.14,0,8,18,12,-4,17,20,5,4,3,10,6,0,10,9,3,2,1,10,6,0,10,9,3,2,1,13,13,12,-5,13,19,3,9,4,6,6,-2,6,8,1,2,3,6,6,-2,6,8,1,2,3,10,16,16,-6,6,11,3,2,7,10,10,-3,3,5,2,4,4,10,10,-3,3,5,2,4,4,14,14,12,-2,4,6,3,2,5,6,6,-2,1,3,1,2,3,6,6,-2,1,3,1,2,3,15,3.3666666666666667
2016-11-27,Arsenal,Bournemouth,3,1,H,1,1,D,16,9,3,3,12,13,3,10,3,5,0,0,20.7,19.91,0.99,1,4,25,12,13,25,12,7,2,4,11,6,4,12,8,3,1,2,11,6,4,12,8,3,1,2,10,15,12,-3,14,16,4,10,3,5,6,-7,4,10,1,3,2,5,6,-7,4,10,1,3,2,16,13,8,4,6,2,3,0,4,1,2,0,1,2,0,1,1,1,2,0,1,2,0,1,1,8,18,12,-1,7,7,5,2,3,10,6,-1,3,3,3,2,1,10,6,-1,3,3,3,2,1,17,4.133333333333333
2016-12-03,Tottenham,Swansea,5,0,H,2,0,H,28,1,15,0,11,17,5,0,0,4,0,0,20.54,19.51,1.23,1,5,24,13,10,19,10,6,1,6,14,6,4,9,4,4,0,2,14,6,4,9,4,4,0,2,19,9,13,-11,16,26,2,10,3,4,6,-4,6,10,1,4,1,4,6,-4,6,10,1,4,1,9,17,15,0,11,11,3,2,8,8,8,3,7,8,1,2,5,8,8,3,7,8,1,2,5,8,18,11,5,12,6,5,2,3,6,6,-2,3,4,1,2,3,6,6,-2,3,4,1,2,3,10,3.8333333333333335
2016-12-03,Sunderland,Leicester,2,1,H,0,0,D,22,17,6,5,8,12,3,4,3,1,0,0,19.51,19.64,0.07,1,20,8,13,-9,12,23,2,26,2,4,6,-8,8,13,1,4,1,4,6,-8,8,13,1,4,1,14,13,13,-6,16,22,3,6,4,1,6,-10,5,16,0,5,1,1,6,-10,5,16,0,5,1,11,16,17,-5,5,9,2,2,10,11,10,-2,4,5,2,3,5,11,10,-2,4,5,2,3,5,14,14,21,6,9,23,2,6,8,0,6,-9,2,12,0,6,0,0,6,-9,2,12,0,6,0,8,2.4166666666666665
2016-12-03,West Ham,Arsenal,1,5,A,0,1,A,10,19,3,10,10,11,3,2,3,3,0,0,19.55,20.8,-1.05,1,16,12,13,-10,14,24,3,8,3,8,6,-3,6,9,2,2,2,8,6,-3,6,9,2,2,2,4,28,13,13,28,13,8,2,4,14,6,9,13,4,4,0,2,14,6,9,13,4,4,0,2,2,23,14,0,7,7,6,2,5,14,7,0,4,1,4,1,2,14,7,0,4,1,4,1,2,17,13,8,4,6,2,3,0,4,12,6,5,5,0,3,0,3,12,6,5,5,0,3,0,3,11,3.6166666666666667
2016-12-03,Sunderland,Leicester,2,1,H,0,0,D,22,17,6,5,8,12,3,4,3,1,0,0,19.51,19.64,0.07,1,20,8,13,-9,12,23,2,26,2,4,6,-8,8,13,1,4,1,4,6,-8,8,13,1,4,1,14,13,13,-6,16,22,3,6,4,1,6,-10,5,16,0,5,1,1,6,-10,5,16,0,5,1,11,16,17,-5,5,9,2,2,10,11,10,-2,4,5,2,3,5,11,10,-2,4,5,2,3,5,14,14,21,6,9,23,2,6,8,0,6,-9,2,12,0,6,0,0,6,-9,2,12,0,6,0,6,2.716666666666667
2016-12-03,West Brom,Watford,3,1,H,2,0,H,11,17,3,5,12,8,3,4,2,1,0,1,20.04,19.52,0.72,1,9,17,13,1,17,16,4,4,5,8,6,-3,10,9,2,2,2,8,6,-3,10,9,2,2,2,8,18,13,-3,17,21,5,5,3,8,6,1,7,11,2,2,2,8,6,1,7,11,2,2,2,1,23,15,4,10,5,5,1,8,13,8,3,8,3,3,1,4,13,8,3,8,3,3,1,4,12,16,16,-6,6,11,3,2,7,6,6,0,3,6,1,2,3,6,6,0,3,6,1,2,3,13,3.466666666666667
2016-12-03,Stoke,Burnley,2,0,H,2,0,H,10,14,4,4,7,13,4,9,3,2,0,0,19.81,19.51,0.5,1,11,16,13,-6,14,19,4,9,4,7,6,-3,7,11,2,3,1,7,6,-3,7,11,2,3,1,13,14,13,-8,12,21,4,8,2,1,5,-8,1,13,0,4,1,1,5,-8,1,13,0,4,1,10,17,13,-2,5,6,4,2,5,8,6,0,3,3,2,2,2,8,6,0,3,3,2,2,2,20,20,13,-1,8,6,5,3,5,2,5,-3,0,6,0,3,2,2,5,-3,0,6,0,3,2,8,2.25
2016-12-03,West Brom,Watford,3,1,H,2,0,H,11,17,3,5,12,8,3,4,2,1,0,1,20.04,19.52,0.72,1,9,17,13,1,17,16,4,4,5,8,6,-3,10,9,2,2,2,8,6,-3,10,9,2,2,2,8,18,13,-3,17,21,5,5,3,8,6,1,7,11,2,2,2,8,6,1,7,11,2,2,2,1,23,15,4,10,5,5,1,8,13,8,3,8,3,3,1,4,13,8,3,8,3,3,1,4,12,16,16,-6,6,11,3,2,7,6,6,0,3,6,1,2,3,6,6,0,3,6,1,2,3,11,2.8333333333333335
2016-12-03,Crystal Palace,Southampton,3,0,H,2,0,H,9,17,4,3,11,13,4,9,3,1,0,0,19.51,20.1,-0.39,0,17,11,13,-4,21,26,3,9,2,4,6,-1,8,10,1,4,1,4,6,-1,8,10,1,4,1,10,17,13,0,13,12,4,4,5,5,6,0,6,7,1,3,2,5,6,0,6,7,1,3,2,18,13,13,-1,8,9,3,4,4,10,6,5,6,2,3,2,1,10,6,5,6,2,3,2,1,13,15,8,3,6,2,4,1,3,11,6,1,4,2,3,1,2,11,6,1,4,2,3,1,2,9,3.75
2016-12-03,Man City,Chelsea,1,3,A,1,0,H,14,10,5,4,14,9,9,2,2,3,2,0,20.87,21.38,-0.3,1,3,30,13,16,29,12,9,1,3,12,6,7,12,5,3,0,3,12,6,7,12,5,3,0,3,1,31,13,18,29,10,10,2,1,13,6,2,9,6,4,1,1,13,6,2,9,6,4,1,1,15,14,7,4,9,5,4,1,2,0,0,0,0,0,0,0,0,0,0,0,0,0,0,0,0,7,19,13,-1,6,6,4,1,7,11,6,-1,3,3,3,1,2,11,6,-1,3,3,3,1,2,22,3.9333333333333336
2016-12-03,Stoke,Burnley,2,0,H,2,0,H,10,14,4,4,7,13,4,9,3,2,0,0,19.81,19.51,0.5,1,11,16,13,-6,14,19,4,9,4,7,6,-3,7,11,2,3,1,7,6,-3,7,11,2,3,1,13,14,13,-8,12,21,4,8,2,1,5,-8,1,13,0,4,1,1,5,-8,1,13,0,4,1,10,17,13,-2,5,6,4,2,5,8,6,0,3,3,2,2,2,8,6,0,3,3,2,2,2,20,20,13,-1,8,6,5,3,5,2,5,-3,0,6,0,3,2,2,5,-3,0,6,0,3,2,18,4.1499999999999995
2016-12-03,Tottenham,Swansea,5,0,H,2,0,H,28,1,15,0,11,17,5,0,0,4,0,0,20.54,19.51,1.23,1,5,24,13,10,19,10,6,1,6,14,6,4,9,4,4,0,2,14,6,4,9,4,4,0,2,19,9,13,-11,16,26,2,10,3,4,6,-4,6,10,1,4,1,4,6,-4,6,10,1,4,1,9,17,15,0,11,11,3,2,8,8,8,3,7,8,1,2,5,8,8,3,7,8,1,2,5,8,18,11,5,12,6,5,2,3,6,6,-2,3,4,1,2,3,6,6,-2,3,4,1,2,3,6,2.5500000000000003
2016-12-03,Crystal Palace,Southampton,3,0,H,2,0,H,9,17,4,3,11,13,4,9,3,1,0,0,19.51,20.1,-0.39,0,17,11,13,-4,21,26,3,9,2,4,6,-1,8,10,1,4,1,4,6,-1,8,10,1,4,1,10,17,13,0,13,12,4,4,5,5,6,0,6,7,1,3,2,5,6,0,6,7,1,3,2,18,13,13,-1,8,9,3,4,4,10,6,5,6,2,3,2,1,10,6,5,6,2,3,2,1,13,15,8,3,6,2,4,1,3,11,6,1,4,2,3,1,2,11,6,1,4,2,3,1,2,0,3.15
2016-12-03,West Ham,Arsenal,1,5,A,0,1,A,10,19,3,10,10,11,3,2,3,3,0,0,19.55,20.8,-1.05,1,16,12,13,-10,14,24,3,8,3,8,6,-3,6,9,2,2,2,8,6,-3,6,9,2,2,2,4,28,13,13,28,13,8,2,4,14,6,9,13,4,4,0,2,14,6,9,13,4,4,0,2,2,23,14,0,7,7,6,2,5,14,7,0,4,1,4,1,2,14,7,0,4,1,4,1,2,17,13,8,4,6,2,3,0,4,12,6,5,5,0,3,0,3,12,6,5,5,0,3,0,3,15,3.983333333333333
2016-12-03,Man City,Chelsea,1,3,A,1,0,H,14,10,5,4,14,9,9,2,2,3,2,0,20.87,21.38,-0.3,1,3,30,13,16,29,12,9,1,3,12,6,7,12,5,3,0,3,12,6,7,12,5,3,0,3,1,31,13,18,29,10,10,2,1,13,6,2,9,6,4,1,1,13,6,2,9,6,4,1,1,15,14,7,4,9,5,4,1,2,0,0,0,0,0,0,0,0,0,0,0,0,0,0,0,0,7,19,13,-1,6,6,4,1,7,11,6,-1,3,3,3,1,2,11,6,-1,3,3,3,1,2,18,5.133333333333333
2016-12-04,Bournemouth,Liverpool,4,3,H,0,2,A,12,10,8,3,9,17,4,9,2,2,0,0,19.81,21.11,-1.1,0,12,15,13,-2,15,19,4,11,3,10,6,5,10,6,3,2,1,10,6,5,10,6,3,2,1,4,30,13,16,32,14,9,1,3,14,7,3,13,10,4,1,2,14,7,3,13,10,4,1,2,7,19,13,0,8,8,5,2,4,8,6,7,4,4,2,2,2,8,6,7,4,4,2,2,2,20,11,8,0,7,8,3,2,2,11,7,1,7,6,3,2,2,11,7,1,7,6,3,2,2,9,4.033333333333334
2016-12-04,Everton,Man United,1,1,D,0,1,A,13,10,6,2,13,11,6,3,2,3,0,0,19.8,20.06,-0.06,0,8,19,13,2,16,15,5,4,4,12,6,5,9,4,3,0,3,12,6,5,9,4,3,0,3,6,20,13,3,18,15,5,3,5,10,6,-3,8,9,3,2,1,10,6,-3,8,9,3,2,1,18,14,15,-6,6,13,3,4,5,11,8,0,5,6,3,3,2,11,8,0,5,6,3,3,2,4,22,13,4,13,6,6,2,4,8,6,-2,4,3,2,2,2,8,6,-2,4,3,2,2,2,6,2.933333333333333
2016-12-04,Bournemouth,Liverpool,4,3,H,0,2,A,12,10,8,3,9,17,4,9,2,2,0,0,19.81,21.11,-1.1,0,12,15,13,-2,15,19,4,11,3,10,6,5,10,6,3,2,1,10,6,5,10,6,3,2,1,4,30,13,16,32,14,9,1,3,14,7,3,13,10,4,1,2,14,7,3,13,10,4,1,2,7,19,13,0,8,8,5,2,4,8,6,7,4,4,2,2,2,8,6,7,4,4,2,2,2,20,11,8,0,7,8,3,2,2,11,7,1,7,6,3,2,2,11,7,1,7,6,3,2,2,17,4.75
2016-12-04,Everton,Man United,1,1,D,0,1,A,13,10,6,2,13,11,6,3,2,3,0,0,19.8,20.06,-0.06,0,8,19,13,2,16,15,5,4,4,12,6,5,9,4,3,0,3,12,6,5,9,4,3,0,3,6,20,13,3,18,15,5,3,5,10,6,-3,8,9,3,2,1,10,6,-3,8,9,3,2,1,18,14,15,-6,6,13,3,4,5,11,8,0,5,6,3,3,2,11,8,0,5,6,3,3,2,4,22,13,4,13,6,6,2,4,8,6,-2,4,3,2,2,2,8,6,-2,4,3,2,2,2,10,4.166666666666666
2016-12-05,Middlesbrough,Hull,1,0,H,0,0,D,16,6,4,2,6,11,13,7,1,1,0,0,20.08,18.88,1.4,1,16,12,13,-3,12,15,2,5,6,4,6,-1,5,7,1,4,1,4,6,-1,5,7,1,4,1,19,11,13,-17,11,28,3,8,2,4,6,-8,5,16,1,4,1,4,6,-8,5,16,1,4,1,5,21,17,0,8,8,4,2,9,14,10,3,4,3,3,2,5,14,10,3,4,3,3,2,5,6,20,14,5,14,10,5,3,5,3,6,-5,1,7,0,3,3,3,6,-5,1,7,0,3,3,9,2.3666666666666667
2016-12-05,Middlesbrough,Hull,1,0,H,0,0,D,16,6,4,2,6,11,13,7,1,1,0,0,20.08,18.88,1.4,1,16,12,13,-3,12,15,2,5,6,4,6,-1,5,7,1,4,1,4,6,-1,5,7,1,4,1,19,11,13,-17,11,28,3,8,2,4,6,-8,5,16,1,4,1,4,6,-8,5,16,1,4,1,5,21,17,0,8,8,4,2,9,14,10,3,4,3,3,2,5,14,10,3,4,3,3,2,5,6,20,14,5,14,10,5,3,5,3,6,-5,1,7,0,3,3,3,6,-5,1,7,0,3,3,4,2.533333333333333
2016-12-10,Swansea,Sunderland,3,0,H,0,0,D,14,11,5,2,10,8,7,4,1,2,0,0,19.13,19.6,-0.26,0,20,9,14,-10,16,31,2,13,3,5,7,-7,10,16,1,4,2,5,7,-7,10,16,1,4,2,18,11,14,-11,14,24,3,27,2,4,7,-4,4,10,1,5,1,4,7,-4,4,10,1,5,1,9,18,12,6,12,8,5,3,3,12,5,0,9,2,4,1,0,12,5,0,9,2,4,1,0,14,16,17,-5,5,9,2,2,10,5,7,-3,1,4,0,2,5,5,7,-3,1,4,0,2,5,6,2.15
2016-12-10,Arsenal,Stoke,3,1,H,1,1,D,21,12,6,5,9,6,7,7,0,0,0,0,21.1,19.96,1.34,1,2,31,14,15,33,14,9,2,4,14,7,4,15,9,4,1,2,14,7,4,15,9,4,1,2,9,19,14,-5,16,19,5,9,4,9,7,-2,7,8,2,2,3,9,7,-2,7,8,2,2,3,12,16,9,4,7,2,4,0,4,1,2,0,1,2,0,1,1,1,2,0,1,2,0,1,1,11,17,13,-2,5,6,4,2,5,9,7,-2,2,3,2,2,3,9,7,-2,2,3,2,2,3,17,3.883333333333333
2016-12-10,Watford,Everton,3,2,H,1,1,D,11,11,6,4,11,16,2,4,2,2,0,0,19.39,19.8,-0.22,0,11,18,14,-4,18,24,5,6,3,10,7,1,10,10,3,3,1,10,7,1,10,10,3,3,1,8,20,14,1,17,16,5,4,5,7,7,-3,7,11,2,4,1,7,7,-3,7,11,2,4,1,13,16,17,-5,6,13,3,3,7,10,10,-3,3,5,2,4,4,10,10,-3,3,5,2,4,4,19,14,15,-6,6,13,3,4,5,3,7,-5,1,7,0,4,3,3,7,-5,1,7,0,4,3,8,3.766666666666667
2016-12-10,Leicester,Man City,4,2,H,3,0,H,10,19,6,4,10,7,3,11,2,1,0,0,19.55,20.7,-0.96,0,16,13,14,-6,17,24,3,7,4,12,7,5,11,6,3,1,3,12,7,5,11,6,3,1,3,4,30,14,17,30,15,9,2,3,18,7,9,17,7,6,1,0,18,7,9,17,7,6,1,0,16,15,22,-14,9,23,2,6,9,14,15,7,7,11,2,5,8,14,15,7,7,11,2,5,8,17,14,7,4,9,5,4,1,2,14,7,4,9,5,4,1,2,14,7,4,9,5,4,1,2,17,4.966666666666667
2016-12-10,Hull,Crystal Palace,3,3,D,1,0,H,15,14,6,6,16,14,4,7,2,4,0,0,18.92,19.85,-0.73,0,19,11,14,-17,11,29,3,9,2,7,7,-6,6,12,2,4,1,7,7,-6,6,12,2,4,1,14,14,14,-5,24,26,4,9,2,7,7,-2,13,16,2,4,1,7,7,-2,13,16,2,4,1,5,21,15,4,14,10,5,3,6,17,8,7,13,3,5,1,2,17,8,7,13,3,5,1,2,18,14,14,0,8,9,3,4,5,3,7,-5,2,7,0,4,3,3,7,-5,2,7,0,4,3,3,3.0666666666666664
2016-12-10,Leicester,Man City,4,2,H,3,0,H,10,19,6,4,10,7,3,11,2,1,0,0,19.55,20.7,-0.96,0,16,13,14,-6,17,24,3,7,4,12,7,5,11,6,3,1,3,12,7,5,11,6,3,1,3,4,30,14,17,30,15,9,2,3,18,7,9,17,7,6,1,0,18,7,9,17,7,6,1,0,16,15,22,-14,9,23,2,6,9,14,15,7,7,11,2,5,8,14,15,7,7,11,2,5,8,17,14,7,4,9,5,4,1,2,14,7,4,9,5,4,1,2,14,7,4,9,5,4,1,2,6,3.0500000000000003
2016-12-10,Burnley,Bournemouth,3,2,H,2,1,H,16,17,7,4,14,18,4,11,2,2,0,0,19.36,20.02,-0.47,0,15,14,14,-9,12,23,4,9,2,13,8,4,11,8,4,3,1,13,8,4,11,8,4,3,1,10,18,14,-4,19,22,5,11,3,5,7,-6,5,13,1,4,2,5,7,-6,5,13,1,4,2,1,27,18,0,12,9,7,4,6,25,12,3,12,1,7,1,4,25,12,3,12,1,7,1,4,7,19,13,0,8,8,5,2,4,11,7,0,4,4,3,2,2,11,7,0,4,4,3,2,2,9,3.616666666666667
2016-12-10,Watford,Everton,3,2,H,1,1,D,11,11,6,4,11,16,2,4,2,2,0,0,19.39,19.8,-0.22,0,11,18,14,-4,18,24,5,6,3,10,7,1,10,10,3,3,1,10,7,1,10,10,3,3,1,8,20,14,1,17,16,5,4,5,7,7,-3,7,11,2,4,1,7,7,-3,7,11,2,4,1,13,16,17,-5,6,13,3,3,7,10,10,-3,3,5,2,4,4,10,10,-3,3,5,2,4,4,19,14,15,-6,6,13,3,4,5,3,7,-5,1,7,0,4,3,3,7,-5,1,7,0,4,3,5,3.3166666666666664
2016-12-10,Arsenal,Stoke,3,1,H,1,1,D,21,12,6,5,9,6,7,7,0,0,0,0,21.1,19.96,1.34,1,2,31,14,15,33,14,9,2,4,14,7,4,15,9,4,1,2,14,7,4,15,9,4,1,2,9,19,14,-5,16,19,5,9,4,9,7,-2,7,8,2,2,3,9,7,-2,7,8,2,2,3,12,16,9,4,7,2,4,0,4,1,2,0,1,2,0,1,1,1,2,0,1,2,0,1,1,11,17,13,-2,5,6,4,2,5,9,7,-2,2,3,2,2,3,9,7,-2,2,3,2,2,3,18,3.816666666666667
2016-12-10,Hull,Crystal Palace,3,3,D,1,0,H,15,14,6,6,16,14,4,7,2,4,0,0,18.92,19.85,-0.73,0,19,11,14,-17,11,29,3,9,2,7,7,-6,6,12,2,4,1,7,7,-6,6,12,2,4,1,14,14,14,-5,24,26,4,9,2,7,7,-2,13,16,2,4,1,7,7,-2,13,16,2,4,1,5,21,15,4,14,10,5,3,6,17,8,7,13,3,5,1,2,17,8,7,13,3,5,1,2,18,14,14,0,8,9,3,4,5,3,7,-5,2,7,0,4,3,3,7,-5,2,7,0,4,3,4,2.433333333333333
2016-12-10,Burnley,Bournemouth,3,2,H,2,1,H,16,17,7,4,14,18,4,11,2,2,0,0,19.36,20.02,-0.47,0,15,14,14,-9,12,23,4,9,2,13,8,4,11,8,4,3,1,13,8,4,11,8,4,3,1,10,18,14,-4,19,22,5,11,3,5,7,-6,5,13,1,4,2,5,7,-6,5,13,1,4,2,1,27,18,0,12,9,7,4,6,25,12,3,12,1,7,1,4,25,12,3,12,1,7,1,4,7,19,13,0,8,8,5,2,4,11,7,0,4,4,3,2,2,11,7,0,4,4,3,2,2,8,2.5833333333333335
2016-12-10,Swansea,Sunderland,3,0,H,0,0,D,14,11,5,2,10,8,7,4,1,2,0,0,19.13,19.6,-0.26,0,20,9,14,-10,16,31,2,13,3,5,7,-7,10,16,1,4,2,5,7,-7,10,16,1,4,2,18,11,14,-11,14,24,3,27,2,4,7,-4,4,10,1,5,1,4,7,-4,4,10,1,5,1,9,18,12,6,12,8,5,3,3,12,5,0,9,2,4,1,0,12,5,0,9,2,4,1,0,14,16,17,-5,5,9,2,2,10,5,7,-3,1,4,0,2,5,5,7,-3,1,4,0,2,5,11,2.8666666666666667
2016-12-11,Southampton,Middlesbrough,1,0,H,0,0,D,14,6,3,2,14,12,4,2,4,3,0,0,19.76,20.04,-0.08,0,12,17,14,1,13,15,4,5,5,12,7,1,7,5,3,1,3,12,7,1,7,5,3,1,3,16,15,14,-3,13,15,3,5,6,8,7,-1,7,8,1,1,5,8,7,-1,7,8,1,1,5,16,15,9,4,6,4,4,2,3,4,2,0,2,0,1,0,1,4,2,0,2,0,1,0,1,7,21,17,0,8,8,4,2,9,7,7,-1,4,5,1,2,4,7,7,-1,4,5,1,2,4,6,3.3000000000000003
2016-12-11,Chelsea,West Brom,1,0,H,0,0,D,12,6,2,1,6,10,3,1,2,4,0,0,21.55,20.16,1.58,1,2,34,14,19,32,11,11,2,1,18,7,15,20,4,6,1,0,18,7,15,20,4,6,1,0,8,20,14,1,20,17,5,4,5,9,7,0,7,7,2,2,3,9,7,0,7,7,2,2,3,9,19,14,0,6,7,4,2,7,8,7,0,3,3,1,1,5,8,7,0,3,3,1,1,5,4,23,15,4,10,5,5,1,8,10,7,-1,2,2,2,1,4,10,7,-1,2,2,2,1,4,13,3.1666666666666665
2016-12-11,Chelsea,West Brom,1,0,H,0,0,D,12,6,2,1,6,10,3,1,2,4,0,0,21.55,20.16,1.58,1,2,34,14,19,32,11,11,2,1,18,7,15,20,4,6,1,0,18,7,15,20,4,6,1,0,8,20,14,1,20,17,5,4,5,9,7,0,7,7,2,2,3,9,7,0,7,7,2,2,3,9,19,14,0,6,7,4,2,7,8,7,0,3,3,1,1,5,8,7,0,3,3,1,1,5,4,23,15,4,10,5,5,1,8,10,7,-1,2,2,2,1,4,10,7,-1,2,2,2,1,4,24,3.6333333333333333
2016-12-11,Man United,Tottenham,1,0,H,1,0,H,15,12,5,4,19,17,3,8,3,3,0,0,20.05,20.92,-0.67,0,6,21,14,3,19,16,5,3,6,10,7,4,10,6,2,1,4,10,7,4,10,6,2,1,4,5,27,14,9,24,10,7,1,6,10,7,5,10,6,2,1,4,10,7,5,10,6,2,1,4,3,25,14,7,14,6,7,2,4,14,7,0,9,3,4,1,2,14,7,0,9,3,4,1,2,12,17,15,0,11,11,3,2,8,9,7,1,4,3,2,2,3,9,7,1,4,3,2,2,3,10,4.3
2016-12-11,Liverpool,West Ham,2,2,D,1,2,A,18,7,3,3,7,8,11,4,2,0,0,0,20.9,19.25,1.85,0,3,30,14,18,35,18,9,2,3,16,6,13,19,4,5,0,1,16,6,13,19,4,5,0,1,17,12,14,-10,15,29,3,9,3,4,7,-7,8,15,1,5,1,4,7,-7,8,15,1,5,1,2,26,16,-7,17,12,7,2,5,12,8,-2,8,6,3,2,3,12,8,-2,8,6,3,2,3,5,23,14,0,7,7,6,2,5,9,7,-3,3,6,2,2,3,9,7,-3,3,6,2,2,3,16,4.8999999999999995
2016-12-11,Man United,Tottenham,1,0,H,1,0,H,15,12,5,4,19,17,3,8,3,3,0,0,20.05,20.92,-0.67,0,6,21,14,3,19,16,5,3,6,10,7,4,10,6,2,1,4,10,7,4,10,6,2,1,4,5,27,14,9,24,10,7,1,6,10,7,5,10,6,2,1,4,10,7,5,10,6,2,1,4,3,25,14,7,14,6,7,2,4,14,7,0,9,3,4,1,2,14,7,0,9,3,4,1,2,12,17,15,0,11,11,3,2,8,9,7,1,4,3,2,2,3,9,7,1,4,3,2,2,3,11,4.0
2016-12-11,Liverpool,West Ham,2,2,D,1,2,A,18,7,3,3,7,8,11,4,2,0,0,0,20.9,19.25,1.85,0,3,30,14,18,35,18,9,2,3,16,6,13,19,4,5,0,1,16,6,13,19,4,5,0,1,17,12,14,-10,15,29,3,9,3,4,7,-7,8,15,1,5,1,4,7,-7,8,15,1,5,1,2,26,16,-7,17,12,7,2,5,12,8,-2,8,6,3,2,3,12,8,-2,8,6,3,2,3,5,23,14,0,7,7,6,2,5,9,7,-3,3,6,2,2,3,9,7,-3,3,6,2,2,3,6,3.35
2016-12-11,Southampton,Middlesbrough,1,0,H,0,0,D,14,6,3,2,14,12,4,2,4,3,0,0,19.76,20.04,-0.08,0,12,17,14,1,13,15,4,5,5,12,7,1,7,5,3,1,3,12,7,1,7,5,3,1,3,16,15,14,-3,13,15,3,5,6,8,7,-1,7,8,1,1,5,8,7,-1,7,8,1,1,5,16,15,9,4,6,4,4,2,3,4,2,0,2,0,1,0,1,4,2,0,2,0,1,0,1,7,21,17,0,8,8,4,2,9,7,7,-1,4,5,1,2,4,7,7,-1,4,5,1,2,4,12,2.9333333333333336
2016-12-13,Everton,Arsenal,2,1,H,1,1,D,14,9,4,3,10,10,8,3,1,1,1,0,19.68,21.16,-1.28,0,9,20,15,1,19,19,5,5,5,13,7,5,10,5,3,0,4,13,7,5,10,5,3,0,4,2,34,15,19,36,15,10,2,4,17,7,9,18,5,5,0,2,17,7,9,18,5,5,0,2,18,15,16,-7,7,14,3,4,6,11,8,0,5,6,3,3,2,11,8,0,5,6,3,3,2,15,16,9,4,7,2,4,0,4,15,7,5,6,0,4,0,3,15,7,5,6,0,4,0,3,19,4.583333333333333
2016-12-13,Everton,Arsenal,2,1,H,1,1,D,14,9,4,3,10,10,8,3,1,1,1,0,19.68,21.16,-1.28,0,9,20,15,1,19,19,5,5,5,13,7,5,10,5,3,0,4,13,7,5,10,5,3,0,4,2,34,15,19,36,15,10,2,4,17,7,9,18,5,5,0,2,17,7,9,18,5,5,0,2,18,15,16,-7,7,14,3,4,6,11,8,0,5,6,3,3,2,11,8,0,5,6,3,3,2,15,16,9,4,7,2,4,0,4,15,7,5,6,0,4,0,3,15,7,5,6,0,4,0,3,5,3.0
2016-12-13,Bournemouth,Leicester,1,0,H,1,0,H,9,12,3,4,5,15,4,11,0,3,0,0,19.87,19.84,0.23,1,12,18,15,-3,21,25,5,12,3,13,7,4,14,9,4,2,1,13,7,4,14,9,4,2,1,14,16,15,-7,21,26,4,7,4,1,7,-11,6,18,0,6,1,1,7,-11,6,18,0,6,1,9,19,14,0,9,10,5,3,4,8,6,7,4,4,2,2,2,8,6,7,4,4,2,2,2,19,15,22,-14,9,23,2,6,9,1,7,-10,2,12,0,6,1,1,7,-10,2,12,0,6,1,8,3.983333333333333
2016-12-13,Bournemouth,Leicester,1,0,H,1,0,H,9,12,3,4,5,15,4,11,0,3,0,0,19.87,19.84,0.23,1,12,18,15,-3,21,25,5,12,3,13,7,4,14,9,4,2,1,13,7,4,14,9,4,2,1,14,16,15,-7,21,26,4,7,4,1,7,-11,6,18,0,6,1,1,7,-11,6,18,0,6,1,9,19,14,0,9,10,5,3,4,8,6,7,4,4,2,2,2,8,6,7,4,4,2,2,2,19,15,22,-14,9,23,2,6,9,1,7,-10,2,12,0,6,1,1,7,-10,2,12,0,6,1,6,2.5166666666666666
2016-12-14,Middlesbrough,Liverpool,0,3,A,0,1,A,8,15,3,4,11,14,5,2,1,0,0,0,19.93,20.72,-0.58,1,16,15,15,-2,13,16,3,6,6,7,7,-2,6,7,2,4,1,7,7,-2,6,7,2,4,1,3,31,15,17,37,20,9,2,4,14,8,3,16,14,4,2,2,14,8,3,16,14,4,2,2,6,22,18,0,8,8,4,2,10,14,10,3,4,3,3,2,5,14,10,3,4,3,3,2,5,3,26,16,-7,17,12,7,2,5,14,8,1,9,6,4,2,2,14,8,1,9,6,4,2,2,14,4.916666666666667
2016-12-14,Man City,Watford,2,0,H,1,0,H,13,5,7,2,16,20,5,2,1,2,0,0,20.41,19.51,1.1,1,4,30,15,15,32,19,9,3,3,12,7,7,13,8,3,1,3,12,7,7,13,8,3,1,3,9,21,15,-6,21,26,6,6,3,8,7,-4,8,14,2,3,2,8,7,-4,8,14,2,3,2,13,18,10,-7,11,9,5,2,3,4,2,-1,2,1,1,0,1,4,2,-1,2,1,1,0,1,17,16,17,-5,6,13,3,3,7,6,7,-3,3,8,1,3,3,6,7,-3,3,8,1,3,3,9,3.783333333333333
2016-12-14,Tottenham,Hull,3,0,H,1,0,H,27,10,9,5,6,14,5,5,0,2,0,0,20.75,18.99,1.96,1,5,27,15,14,24,11,7,2,6,17,7,5,14,4,5,0,2,17,7,5,14,4,5,0,2,19,12,15,-18,14,32,3,9,3,4,7,-11,5,17,1,5,1,4,7,-11,5,17,1,5,1,15,17,16,0,11,12,3,3,8,8,8,3,7,8,1,2,5,8,8,3,7,8,1,2,5,7,21,15,4,14,10,5,3,6,4,7,-6,1,7,0,3,4,4,7,-6,1,7,0,3,4,5,2.516666666666667
2016-12-14,West Brom,Swansea,3,1,H,0,0,D,13,8,4,4,8,8,0,11,0,0,0,0,20.22,19.46,0.96,1,10,20,15,3,20,18,5,5,5,11,7,1,13,10,3,2,2,11,7,1,13,10,3,2,2,18,12,15,-15,19,31,3,13,3,4,7,-4,6,15,1,5,1,4,7,-4,6,15,1,5,1,5,24,16,5,10,5,5,1,9,13,8,3,8,3,3,1,4,13,8,3,8,3,3,1,4,11,18,12,6,12,8,5,3,3,6,7,-1,3,6,1,3,3,6,7,-1,3,6,1,3,3,8,2.466666666666667
2016-12-14,Sunderland,Chelsea,0,1,A,0,1,A,8,19,3,6,15,10,5,5,3,2,0,0,19.27,21.49,-2.01,1,20,11,15,-10,14,27,3,31,2,7,7,-5,10,14,2,4,1,7,7,-5,10,14,2,4,1,1,37,15,21,33,11,12,2,1,16,7,3,12,7,5,1,1,16,7,3,12,7,5,1,1,16,17,18,-4,5,9,2,2,11,11,10,-2,4,5,2,3,5,11,10,-2,4,5,2,3,5,10,19,14,0,6,7,4,2,7,11,7,0,3,4,3,2,2,11,7,0,3,4,3,2,2,24,3.7000000000000006
2016-12-14,Tottenham,Hull,3,0,H,1,0,H,27,10,9,5,6,14,5,5,0,2,0,0,20.75,18.99,1.96,1,5,27,15,14,24,11,7,2,6,17,7,5,14,4,5,0,2,17,7,5,14,4,5,0,2,19,12,15,-18,14,32,3,9,3,4,7,-11,5,17,1,5,1,4,7,-11,5,17,1,5,1,15,17,16,0,11,12,3,3,8,8,8,3,7,8,1,2,5,8,8,3,7,8,1,2,5,7,21,15,4,14,10,5,3,6,4,7,-6,1,7,0,3,4,4,7,-6,1,7,0,3,4,9,3.866666666666667
2016-12-14,Stoke,Southampton,0,0,D,0,0,D,5,15,3,4,9,10,3,11,1,2,1,0,19.89,19.87,0.22,0,12,19,15,-3,17,22,5,10,4,10,7,-4,9,11,3,3,1,10,7,-4,9,11,3,3,1,11,20,15,-2,14,15,5,5,5,5,7,-1,6,10,1,4,2,5,7,-1,6,10,1,4,2,12,18,14,-1,6,7,4,2,6,8,6,0,3,3,2,2,2,8,6,0,3,3,2,2,2,18,15,9,4,6,4,4,2,3,11,7,2,4,4,3,2,2,11,7,2,4,4,3,2,2,13,3.6999999999999997
2016-12-14,West Ham,Burnley,1,0,H,1,0,H,20,8,7,2,12,15,6,1,0,2,0,0,19.44,19.5,0.14,1,17,13,15,-14,17,31,3,9,4,8,7,-3,7,14,2,3,2,8,7,-3,7,14,2,3,2,13,17,15,-11,15,25,5,9,2,1,6,-12,1,15,0,5,1,1,6,-12,1,15,0,5,1,2,26,15,0,9,8,7,2,5,14,7,0,4,1,4,1,2,14,7,0,4,1,4,1,2,1,27,18,0,12,9,7,4,6,2,6,-6,0,8,0,4,2,2,6,-6,0,8,0,4,2,8,2.766666666666666
2016-12-14,Sunderland,Chelsea,0,1,A,0,1,A,8,19,3,6,15,10,5,5,3,2,0,0,19.27,21.49,-2.01,1,20,11,15,-10,14,27,3,31,2,7,7,-5,10,14,2,4,1,7,7,-5,10,14,2,4,1,1,37,15,21,33,11,12,2,1,16,7,3,12,7,5,1,1,16,7,3,12,7,5,1,1,16,17,18,-4,5,9,2,2,11,11,10,-2,4,5,2,3,5,11,10,-2,4,5,2,3,5,10,19,14,0,6,7,4,2,7,11,7,0,3,4,3,2,2,11,7,0,3,4,3,2,2,11,2.9499999999999997
2016-12-14,Middlesbrough,Liverpool,0,3,A,0,1,A,8,15,3,4,11,14,5,2,1,0,0,0,19.93,20.72,-0.58,1,16,15,15,-2,13,16,3,6,6,7,7,-2,6,7,2,4,1,7,7,-2,6,7,2,4,1,3,31,15,17,37,20,9,2,4,14,8,3,16,14,4,2,2,14,8,3,16,14,4,2,2,6,22,18,0,8,8,4,2,10,14,10,3,4,3,3,2,5,14,10,3,4,3,3,2,5,3,26,16,-7,17,12,7,2,5,14,8,1,9,6,4,2,2,14,8,1,9,6,4,2,2,10,2.766666666666667
2016-12-14,Crystal Palace,Man United,1,2,A,0,1,A,6,16,3,6,16,10,1,8,2,2,0,0,19.77,20.22,-0.24,1,15,15,15,-2,27,29,4,9,3,7,7,-2,11,10,2,4,1,7,7,-2,11,10,2,4,1,6,24,15,3,20,16,6,3,6,11,7,-1,9,10,3,2,2,11,7,-1,9,10,3,2,2,8,19,19,2,10,12,4,5,7,16,11,2,8,4,4,3,4,16,11,2,8,4,4,3,4,4,25,14,7,14,6,7,2,4,11,7,1,5,3,3,2,2,11,7,1,5,3,3,2,2,13,4.35
2016-12-14,Man City,Watford,2,0,H,1,0,H,13,5,7,2,16,20,5,2,1,2,0,0,20.41,19.51,1.1,1,4,30,15,15,32,19,9,3,3,12,7,7,13,8,3,1,3,12,7,7,13,8,3,1,3,9,21,15,-6,21,26,6,6,3,8,7,-4,8,14,2,3,2,8,7,-4,8,14,2,3,2,13,18,10,-7,11,9,5,2,3,4,2,-1,2,1,1,0,1,4,2,-1,2,1,1,0,1,17,16,17,-5,6,13,3,3,7,6,7,-3,3,8,1,3,3,6,7,-3,3,8,1,3,3,16,5.183333333333333
2016-12-14,West Ham,Burnley,1,0,H,1,0,H,20,8,7,2,12,15,6,1,0,2,0,0,19.44,19.5,0.14,1,17,13,15,-14,17,31,3,9,4,8,7,-3,7,14,2,3,2,8,7,-3,7,14,2,3,2,13,17,15,-11,15,25,5,9,2,1,6,-12,1,15,0,5,1,1,6,-12,1,15,0,5,1,2,26,15,0,9,8,7,2,5,14,7,0,4,1,4,1,2,14,7,0,4,1,4,1,2,1,27,18,0,12,9,7,4,6,2,6,-6,0,8,0,4,2,2,6,-6,0,8,0,4,2,5,2.5
2016-12-14,Crystal Palace,Man United,1,2,A,0,1,A,6,16,3,6,16,10,1,8,2,2,0,0,19.77,20.22,-0.24,1,15,15,15,-2,27,29,4,9,3,7,7,-2,11,10,2,4,1,7,7,-2,11,10,2,4,1,6,24,15,3,20,16,6,3,6,11,7,-1,9,10,3,2,2,11,7,-1,9,10,3,2,2,8,19,19,2,10,12,4,5,7,16,11,2,8,4,4,3,4,16,11,2,8,4,4,3,4,4,25,14,7,14,6,7,2,4,11,7,1,5,3,3,2,2,11,7,1,5,3,3,2,2,5,2.65
2016-12-14,Stoke,Southampton,0,0,D,0,0,D,5,15,3,4,9,10,3,11,1,2,1,0,19.89,19.87,0.22,0,12,19,15,-3,17,22,5,10,4,10,7,-4,9,11,3,3,1,10,7,-4,9,11,3,3,1,11,20,15,-2,14,15,5,5,5,5,7,-1,6,10,1,4,2,5,7,-1,6,10,1,4,2,12,18,14,-1,6,7,4,2,6,8,6,0,3,3,2,2,2,8,6,0,3,3,2,2,2,18,15,9,4,6,4,4,2,3,11,7,2,4,4,3,2,2,11,7,2,4,4,3,2,2,7,3.8333333333333335
2016-12-14,West Brom,Swansea,3,1,H,0,0,D,13,8,4,4,8,8,0,11,0,0,0,0,20.22,19.46,0.96,1,10,20,15,3,20,18,5,5,5,11,7,1,13,10,3,2,2,11,7,1,13,10,3,2,2,18,12,15,-15,19,31,3,13,3,4,7,-4,6,15,1,5,1,4,7,-4,6,15,1,5,1,5,24,16,5,10,5,5,1,9,13,8,3,8,3,3,1,4,13,8,3,8,3,3,1,4,11,18,12,6,12,8,5,3,3,6,7,-1,3,6,1,3,3,6,7,-1,3,6,1,3,3,13,3.1500000000000004
2016-12-17,West Ham,Hull,1,0,H,0,0,D,18,16,6,5,13,9,10,6,2,4,0,0,19.52,18.89,0.84,1,15,16,16,-14,18,31,4,9,4,11,8,-7,8,14,3,3,2,11,8,-7,8,14,3,3,2,19,12,16,-18,14,35,3,10,3,4,8,-12,5,20,1,6,1,4,8,-12,5,20,1,6,1,5,26,15,0,9,8,7,2,5,14,7,0,4,1,4,1,2,14,7,0,4,1,4,1,2,9,21,16,4,14,11,5,4,6,4,8,-6,1,8,0,4,4,4,8,-6,1,8,0,4,4,8,2.783333333333333
2016-12-17,Crystal Palace,Chelsea,0,1,A,0,1,A,6,13,2,6,12,15,5,3,2,3,0,0,19.7,21.39,-1.49,1,16,15,16,-2,28,31,4,10,3,7,8,1,12,12,2,5,1,7,8,1,12,12,2,5,1,1,40,16,22,34,11,13,2,1,19,8,5,13,7,6,1,1,19,8,5,13,7,6,1,1,11,19,19,2,10,12,4,5,7,16,11,2,8,4,4,3,4,16,11,2,8,4,4,3,4,8,22,15,-1,7,7,5,2,7,14,8,-1,4,4,4,2,2,14,8,-1,4,4,4,2,2,24,4.083333333333333
2016-12-17,Sunderland,Watford,1,0,H,0,0,D,12,9,4,4,10,9,4,11,1,2,0,0,19.37,19.42,0.15,1,20,11,16,-13,14,28,3,34,2,7,8,-4,10,15,2,5,1,7,8,-4,10,15,2,5,1,11,21,16,-5,21,28,6,7,3,8,8,-6,8,16,2,4,2,8,8,-6,8,16,2,4,2,17,17,18,-4,5,9,2,2,11,11,10,-2,4,5,2,3,5,11,10,-2,4,5,2,3,5,19,16,18,-7,6,14,3,4,7,6,8,-5,3,9,1,4,3,6,8,-5,3,9,1,4,3,11,3.183333333333333
2016-12-17,Sunderland,Watford,1,0,H,0,0,D,12,9,4,4,10,9,4,11,1,2,0,0,19.37,19.42,0.15,1,20,11,16,-13,14,28,3,34,2,7,8,-4,10,15,2,5,1,7,8,-4,10,15,2,5,1,11,21,16,-5,21,28,6,7,3,8,8,-6,8,16,2,4,2,8,8,-6,8,16,2,4,2,17,17,18,-4,5,9,2,2,11,11,10,-2,4,5,2,3,5,11,10,-2,4,5,2,3,5,19,16,18,-7,6,14,3,4,7,6,8,-5,3,9,1,4,3,6,8,-5,3,9,1,4,3,6,2.5833333333333335
2016-12-17,West Ham,Hull,1,0,H,0,0,D,18,16,6,5,13,9,10,6,2,4,0,0,19.52,18.89,0.84,1,15,16,16,-14,18,31,4,9,4,11,8,-7,8,14,3,3,2,11,8,-7,8,14,3,3,2,19,12,16,-18,14,35,3,10,3,4,8,-12,5,20,1,6,1,4,8,-12,5,20,1,6,1,5,26,15,0,9,8,7,2,5,14,7,0,4,1,4,1,2,14,7,0,4,1,4,1,2,9,21,16,4,14,11,5,4,6,4,8,-6,1,8,0,4,4,4,8,-6,1,8,0,4,4,5,2.516666666666667
2016-12-17,Stoke,Leicester,2,2,D,2,0,H,16,14,7,8,9,12,9,9,2,6,0,1,19.87,19.76,0.3,0,12,20,16,-5,17,22,5,10,5,11,8,-2,9,11,3,3,2,11,8,-2,9,11,3,3,2,14,16,16,-5,21,27,4,8,4,1,8,-12,6,19,0,7,1,1,8,-12,6,19,0,7,1,13,18,14,-1,6,7,4,2,6,8,6,0,3,3,2,2,2,8,6,0,3,3,2,2,2,4,26,31,1,12,27,5,7,11,1,8,-10,2,13,0,7,1,1,8,-10,2,13,0,7,1,11,2.9333333333333336
2016-12-17,Middlesbrough,Swansea,3,0,H,2,0,H,10,14,4,2,10,11,3,8,1,0,0,0,19.69,19.36,0.53,1,17,15,16,-3,13,19,3,7,6,7,8,-1,6,10,2,5,1,7,8,-1,6,10,2,5,1,18,12,16,-12,20,34,3,14,3,4,8,-9,7,18,1,6,1,4,8,-9,7,18,1,6,1,7,22,18,0,8,8,4,2,10,14,10,3,4,3,3,2,5,14,10,3,4,3,3,2,5,10,19,13,4,12,8,5,3,4,7,8,-3,3,6,1,3,4,7,8,-3,3,6,1,3,4,7,2.516666666666667
2016-12-17,Crystal Palace,Chelsea,0,1,A,0,1,A,6,13,2,6,12,15,5,3,2,3,0,0,19.7,21.39,-1.49,1,16,15,16,-2,28,31,4,10,3,7,8,1,12,12,2,5,1,7,8,1,12,12,2,5,1,1,40,16,22,34,11,13,2,1,19,8,5,13,7,6,1,1,19,8,5,13,7,6,1,1,11,19,19,2,10,12,4,5,7,16,11,2,8,4,4,3,4,16,11,2,8,4,4,3,4,8,22,15,-1,7,7,5,2,7,14,8,-1,4,4,4,2,2,14,8,-1,4,4,4,2,2,5,2.716666666666667
2016-12-17,West Brom,Man United,0,2,A,0,1,A,10,10,1,5,9,13,2,3,3,3,0,0,20.33,20.29,0.23,0,7,23,16,2,23,19,6,5,5,14,8,3,16,11,4,2,2,14,8,3,16,11,4,2,2,6,27,16,4,22,17,7,3,6,14,8,-1,11,11,4,2,2,14,8,-1,11,11,4,2,2,6,24,16,5,10,5,5,1,9,13,8,3,8,3,3,1,4,13,8,3,8,3,3,1,4,2,28,15,8,15,6,8,2,4,14,8,2,6,3,4,2,2,14,8,2,6,3,4,2,2,16,3.35
2016-12-17,Stoke,Leicester,2,2,D,2,0,H,16,14,7,8,9,12,9,9,2,6,0,1,19.87,19.76,0.3,0,12,20,16,-5,17,22,5,10,5,11,8,-2,9,11,3,3,2,11,8,-2,9,11,3,3,2,14,16,16,-5,21,27,4,8,4,1,8,-12,6,19,0,7,1,1,8,-12,6,19,0,7,1,13,18,14,-1,6,7,4,2,6,8,6,0,3,3,2,2,2,8,6,0,3,3,2,2,2,4,26,31,1,12,27,5,7,11,1,8,-10,2,13,0,7,1,1,8,-10,2,13,0,7,1,4,2.8333333333333335
2016-12-17,West Brom,Man United,0,2,A,0,1,A,10,10,1,5,9,13,2,3,3,3,0,0,20.33,20.29,0.23,0,7,23,16,2,23,19,6,5,5,14,8,3,16,11,4,2,2,14,8,3,16,11,4,2,2,6,27,16,4,22,17,7,3,6,14,8,-1,11,11,4,2,2,14,8,-1,11,11,4,2,2,6,24,16,5,10,5,5,1,9,13,8,3,8,3,3,1,4,13,8,3,8,3,3,1,4,2,28,15,8,15,6,8,2,4,14,8,2,6,3,4,2,2,14,8,2,6,3,4,2,2,17,3.5333333333333337
2016-12-17,Middlesbrough,Swansea,3,0,H,2,0,H,10,14,4,2,10,11,3,8,1,0,0,0,19.69,19.36,0.53,1,17,15,16,-3,13,19,3,7,6,7,8,-1,6,10,2,5,1,7,8,-1,6,10,2,5,1,18,12,16,-12,20,34,3,14,3,4,8,-9,7,18,1,6,1,4,8,-9,7,18,1,6,1,7,22,18,0,8,8,4,2,10,14,10,3,4,3,3,2,5,14,10,3,4,3,3,2,5,10,19,13,4,12,8,5,3,4,7,8,-3,3,6,1,3,4,7,8,-3,3,6,1,3,4,8,2.3833333333333333
2016-12-18,Man City,Arsenal,2,1,H,0,1,A,14,6,5,1,9,13,8,1,4,2,0,0,20.5,20.93,-0.24,0,4,33,16,13,34,19,10,3,3,15,8,5,15,8,4,1,3,15,8,5,15,8,4,1,3,2,34,16,21,37,17,10,3,4,17,8,13,19,7,5,1,2,17,8,13,19,7,5,1,2,15,18,10,-7,11,9,5,2,3,4,2,-1,2,1,1,0,1,4,2,-1,2,1,1,0,1,16,17,10,5,8,3,4,0,5,16,8,6,7,1,4,0,4,16,8,6,7,1,4,0,4,14,4.8
2016-12-18,Bournemouth,Southampton,1,3,A,1,1,D,10,14,5,8,6,12,7,4,0,2,0,0,19.95,19.89,0.26,0,10,21,16,-4,22,25,6,12,3,16,8,5,15,9,5,2,1,16,8,5,15,9,5,2,1,9,21,16,-1,14,15,5,5,6,6,8,-4,6,10,1,4,3,6,8,-4,6,10,1,4,3,13,19,14,0,9,10,5,3,4,8,6,7,4,4,2,2,2,8,6,7,4,4,2,2,2,20,17,11,-1,7,5,4,2,5,12,8,0,4,4,3,2,3,12,8,0,4,4,3,2,3,9,4.050000000000001
2016-12-18,Tottenham,Burnley,2,1,H,1,1,D,30,5,9,2,10,11,11,2,1,2,0,0,20.86,19.42,1.64,1,5,30,16,13,27,11,8,2,6,20,8,10,17,4,6,0,2,20,8,10,17,4,6,0,2,16,17,16,-10,15,26,5,10,2,1,7,-14,1,16,0,6,1,1,7,-14,1,16,0,6,1,17,17,16,0,11,12,3,3,8,8,8,3,7,8,1,2,5,8,8,3,7,8,1,2,5,3,27,19,3,12,10,7,5,6,2,7,-8,0,9,0,5,2,2,7,-8,0,9,0,5,2,6,2.766666666666667
2016-12-18,Tottenham,Burnley,2,1,H,1,1,D,30,5,9,2,10,11,11,2,1,2,0,0,20.86,19.42,1.64,1,5,30,16,13,27,11,8,2,6,20,8,10,17,4,6,0,2,20,8,10,17,4,6,0,2,16,17,16,-10,15,26,5,10,2,1,7,-14,1,16,0,6,1,1,7,-14,1,16,0,6,1,17,17,16,0,11,12,3,3,8,8,8,3,7,8,1,2,5,8,8,3,7,8,1,2,5,3,27,19,3,12,10,7,5,6,2,7,-8,0,9,0,5,2,2,7,-8,0,9,0,5,2,11,4.033333333333334
2016-12-18,Man City,Arsenal,2,1,H,0,1,A,14,6,5,1,9,13,8,1,4,2,0,0,20.5,20.93,-0.24,0,4,33,16,13,34,19,10,3,3,15,8,5,15,8,4,1,3,15,8,5,15,8,4,1,3,2,34,16,21,37,17,10,3,4,17,8,13,19,7,5,1,2,17,8,13,19,7,5,1,2,15,18,10,-7,11,9,5,2,3,4,2,-1,2,1,1,0,1,4,2,-1,2,1,1,0,1,16,17,10,5,8,3,4,0,5,16,8,6,7,1,4,0,4,16,8,6,7,1,4,0,4,14,3.9333333333333336
2016-12-18,Bournemouth,Southampton,1,3,A,1,1,D,10,14,5,8,6,12,7,4,0,2,0,0,19.95,19.89,0.26,0,10,21,16,-4,22,25,6,12,3,16,8,5,15,9,5,2,1,16,8,5,15,9,5,2,1,9,21,16,-1,14,15,5,5,6,6,8,-4,6,10,1,4,3,6,8,-4,6,10,1,4,3,13,19,14,0,9,10,5,3,4,8,6,7,4,4,2,2,2,8,6,7,4,4,2,2,2,20,17,11,-1,7,5,4,2,5,12,8,0,4,4,3,2,3,12,8,0,4,4,3,2,3,11,3.7999999999999994
2016-12-19,Everton,Liverpool,0,1,A,0,0,D,6,11,1,4,13,9,1,6,3,1,0,0,19.91,20.96,-0.85,1,9,23,16,0,21,20,6,5,5,16,8,5,12,6,4,0,4,16,8,5,12,6,4,0,4,4,34,16,17,40,20,10,2,4,17,9,2,19,14,5,2,2,17,9,2,19,14,5,2,2,8,23,22,1,11,16,5,4,8,19,14,3,9,8,5,5,4,19,14,3,9,8,5,5,4,2,29,17,5,18,12,8,2,5,17,9,3,10,6,5,2,2,17,9,3,10,6,5,2,2,14,5.1000000000000005
2016-12-19,Everton,Liverpool,0,1,A,0,0,D,6,11,1,4,13,9,1,6,3,1,0,0,19.91,20.96,-0.85,1,9,23,16,0,21,20,6,5,5,16,8,5,12,6,4,0,4,16,8,5,12,6,4,0,4,4,34,16,17,40,20,10,2,4,17,9,2,19,14,5,2,2,17,9,2,19,14,5,2,2,8,23,22,1,11,16,5,4,8,19,14,3,9,8,5,5,4,19,14,3,9,8,5,5,4,2,29,17,5,18,12,8,2,5,17,9,3,10,6,5,2,2,17,9,3,10,6,5,2,2,5,2.9499999999999997
2016-12-26,Watford,Crystal Palace,1,1,D,0,1,A,9,10,3,4,18,17,7,3,2,4,0,0,19.33,19.75,-0.21,0,12,21,17,-7,21,29,6,8,3,13,8,0,13,12,4,3,1,13,8,0,13,12,4,3,1,17,15,17,-3,28,32,4,11,3,8,8,-3,16,19,2,4,2,8,8,-3,16,19,2,4,2,17,18,20,-5,6,14,3,4,9,11,11,1,3,5,2,4,5,11,11,1,3,5,2,4,5,13,19,19,2,10,12,4,5,7,3,8,-5,2,8,0,5,3,3,8,-5,2,8,0,5,3,6,2.8166666666666664
2016-12-26,Hull,Man City,0,3,A,0,0,D,10,16,3,6,11,14,4,7,1,0,0,0,18.87,20.62,-1.55,1,20,12,17,-21,14,36,3,12,3,8,8,-6,9,15,2,4,2,8,8,-6,9,15,2,4,2,3,36,17,15,36,20,11,3,3,18,8,10,19,11,6,2,0,18,8,10,19,11,6,2,0,9,22,17,3,14,11,5,4,7,17,8,7,13,3,5,1,2,17,8,7,13,3,5,1,2,18,18,10,-7,11,9,5,2,3,14,8,4,9,8,4,2,2,14,8,4,9,8,4,2,2,16,4.516666666666667
2016-12-26,Man United,Sunderland,3,1,H,1,0,H,26,7,9,4,6,9,5,5,1,1,0,0,20.52,19.46,1.26,1,6,30,17,5,24,17,8,3,6,13,8,4,11,6,3,1,4,13,8,4,11,6,3,1,4,18,14,17,-14,15,28,4,35,2,4,8,-6,4,13,1,6,1,4,8,-6,4,13,1,6,1,1,31,16,9,16,6,9,2,4,14,7,0,9,3,4,1,2,14,7,0,9,3,4,1,2,20,27,24,10,7,9,4,2,15,6,8,-3,1,4,0,2,6,6,8,-3,1,4,0,2,6,9,3.3666666666666667
2016-12-26,Arsenal,West Brom,1,0,H,0,0,D,26,3,11,1,11,7,6,5,2,1,0,0,20.81,20.1,0.91,1,4,34,17,20,38,19,10,4,4,17,8,6,18,10,5,1,2,17,8,6,18,10,5,1,2,8,23,17,4,23,21,6,6,5,9,8,0,7,8,2,3,3,9,8,0,7,8,2,3,3,11,20,11,5,9,3,5,0,5,1,2,0,1,2,0,1,1,1,2,0,1,2,0,1,1,7,24,16,5,10,5,5,1,9,11,8,0,2,2,2,1,5,11,8,0,2,2,2,1,5,11,3.266666666666667
2016-12-26,Man United,Sunderland,3,1,H,1,0,H,26,7,9,4,6,9,5,5,1,1,0,0,20.52,19.46,1.26,1,6,30,17,5,24,17,8,3,6,13,8,4,11,6,3,1,4,13,8,4,11,6,3,1,4,18,14,17,-14,15,28,4,35,2,4,8,-6,4,13,1,6,1,4,8,-6,4,13,1,6,1,1,31,16,9,16,6,9,2,4,14,7,0,9,3,4,1,2,14,7,0,9,3,4,1,2,20,27,24,10,7,9,4,2,15,6,8,-3,1,4,0,2,6,6,8,-3,1,4,0,2,6,17,3.533333333333333
2016-12-26,Swansea,West Ham,1,4,A,0,1,A,14,14,7,7,10,12,8,4,0,0,0,0,19.11,19.54,-0.23,1,19,12,17,-14,20,37,3,15,3,8,8,-6,13,16,2,4,2,8,8,-6,13,16,2,4,2,13,19,17,-13,19,31,5,9,4,5,8,-7,10,17,1,5,2,5,8,-7,10,17,1,5,2,12,19,14,4,12,10,5,4,4,12,5,0,9,2,4,1,0,12,5,0,9,2,4,1,0,4,26,15,0,9,8,7,2,5,12,8,-3,5,7,3,2,3,12,8,-3,5,7,3,2,3,8,2.8333333333333335
2016-12-26,Burnley,Middlesbrough,1,0,H,0,0,D,6,8,4,2,17,18,7,3,6,5,0,0,19.48,19.94,-0.26,0,16,17,17,-11,16,28,5,11,2,16,9,3,14,10,5,3,1,16,9,3,14,10,5,3,1,14,18,17,-6,16,19,4,7,6,8,8,-1,7,9,1,2,5,8,8,-1,7,9,1,2,5,3,28,20,2,13,11,7,5,7,25,12,3,12,1,7,1,4,25,12,3,12,1,7,1,4,10,22,18,0,8,8,4,2,10,8,8,-1,4,5,1,2,5,8,8,-1,4,5,1,2,5,8,2.9
2016-12-26,Swansea,West Ham,1,4,A,0,1,A,14,14,7,7,10,12,8,4,0,0,0,0,19.11,19.54,-0.23,1,19,12,17,-14,20,37,3,15,3,8,8,-6,13,16,2,4,2,8,8,-6,13,16,2,4,2,13,19,17,-13,19,31,5,9,4,5,8,-7,10,17,1,5,2,5,8,-7,10,17,1,5,2,12,19,14,4,12,10,5,4,4,12,5,0,9,2,4,1,0,12,5,0,9,2,4,1,0,4,26,15,0,9,8,7,2,5,12,8,-3,5,7,3,2,3,12,8,-3,5,7,3,2,3,10,3.266666666666666
2016-12-26,Leicester,Everton,0,2,A,0,0,D,7,8,2,3,14,7,3,4,3,0,0,0,19.8,19.9,0.1,0,15,17,17,-6,23,29,4,8,5,15,8,5,15,8,4,1,3,15,8,5,15,8,4,1,3,9,23,17,1,21,21,6,6,5,7,8,-4,9,14,2,5,1,7,8,-4,9,14,2,5,1,5,26,32,-15,12,29,5,8,11,25,23,3,10,14,5,8,10,25,23,3,10,14,5,8,10,8,23,22,1,11,16,5,4,8,4,8,-6,2,8,0,4,4,4,8,-6,2,8,0,4,4,5,3.1333333333333333
2016-12-26,Leicester,Everton,0,2,A,0,0,D,7,8,2,3,14,7,3,4,3,0,0,0,19.8,19.9,0.1,0,15,17,17,-6,23,29,4,8,5,15,8,5,15,8,4,1,3,15,8,5,15,8,4,1,3,9,23,17,1,21,21,6,6,5,7,8,-4,9,14,2,5,1,7,8,-4,9,14,2,5,1,5,26,32,-15,12,29,5,8,11,25,23,3,10,14,5,8,10,25,23,3,10,14,5,8,10,8,23,22,1,11,16,5,4,8,4,8,-6,2,8,0,4,4,4,8,-6,2,8,0,4,4,6,3.0499999999999994
2016-12-26,Watford,Crystal Palace,1,1,D,0,1,A,9,10,3,4,18,17,7,3,2,4,0,0,19.33,19.75,-0.21,0,12,21,17,-7,21,29,6,8,3,13,8,0,13,12,4,3,1,13,8,0,13,12,4,3,1,17,15,17,-3,28,32,4,11,3,8,8,-3,16,19,2,4,2,8,8,-3,16,19,2,4,2,17,18,20,-5,6,14,3,4,9,11,11,1,3,5,2,4,5,11,11,1,3,5,2,4,5,13,19,19,2,10,12,4,5,7,3,8,-5,2,8,0,5,3,3,8,-5,2,8,0,5,3,5,2.3333333333333335
2016-12-26,Chelsea,Bournemouth,3,0,H,1,0,H,14,7,4,3,13,14,5,5,1,1,0,0,21.34,19.73,1.81,1,1,43,17,23,35,11,14,2,1,21,8,16,21,4,7,1,0,21,8,16,21,4,7,1,0,10,21,17,-3,23,28,6,13,3,5,8,-8,7,16,1,5,2,5,8,-8,7,16,1,5,2,6,25,16,0,8,7,6,2,7,8,7,0,3,3,1,1,5,8,7,0,3,3,1,1,5,14,19,14,0,9,10,5,3,4,11,8,0,5,6,3,3,2,11,8,0,5,6,3,3,2,11,3.216666666666667
2016-12-26,Hull,Man City,0,3,A,0,0,D,10,16,3,6,11,14,4,7,1,0,0,0,18.87,20.62,-1.55,1,20,12,17,-21,14,36,3,12,3,8,8,-6,9,15,2,4,2,8,8,-6,9,15,2,4,2,3,36,17,15,36,20,11,3,3,18,8,10,19,11,6,2,0,18,8,10,19,11,6,2,0,9,22,17,3,14,11,5,4,7,17,8,7,13,3,5,1,2,17,8,7,13,3,5,1,2,18,18,10,-7,11,9,5,2,3,14,8,4,9,8,4,2,2,14,8,4,9,8,4,2,2,2,2.783333333333333
2016-12-26,Burnley,Middlesbrough,1,0,H,0,0,D,6,8,4,2,17,18,7,3,6,5,0,0,19.48,19.94,-0.26,0,16,17,17,-11,16,28,5,11,2,16,9,3,14,10,5,3,1,16,9,3,14,10,5,3,1,14,18,17,-6,16,19,4,7,6,8,8,-1,7,9,1,2,5,8,8,-1,7,9,1,2,5,3,28,20,2,13,11,7,5,7,25,12,3,12,1,7,1,4,25,12,3,12,1,7,1,4,10,22,18,0,8,8,4,2,10,8,8,-1,4,5,1,2,5,8,8,-1,4,5,1,2,5,3,2.3666666666666667
2016-12-26,Chelsea,Bournemouth,3,0,H,1,0,H,14,7,4,3,13,14,5,5,1,1,0,0,21.34,19.73,1.81,1,1,43,17,23,35,11,14,2,1,21,8,16,21,4,7,1,0,21,8,16,21,4,7,1,0,10,21,17,-3,23,28,6,13,3,5,8,-8,7,16,1,5,2,5,8,-8,7,16,1,5,2,6,25,16,0,8,7,6,2,7,8,7,0,3,3,1,1,5,8,7,0,3,3,1,1,5,14,19,14,0,9,10,5,3,4,11,8,0,5,6,3,3,2,11,8,0,5,6,3,3,2,26,3.816666666666667
2016-12-26,Arsenal,West Brom,1,0,H,0,0,D,26,3,11,1,11,7,6,5,2,1,0,0,20.81,20.1,0.91,1,4,34,17,20,38,19,10,4,4,17,8,6,18,10,5,1,2,17,8,6,18,10,5,1,2,8,23,17,4,23,21,6,6,5,9,8,0,7,8,2,3,3,9,8,0,7,8,2,3,3,11,20,11,5,9,3,5,0,5,1,2,0,1,2,0,1,1,1,2,0,1,2,0,1,1,7,24,16,5,10,5,5,1,9,11,8,0,2,2,2,1,5,11,8,0,2,2,2,1,5,13,3.4333333333333336
2016-12-27,Liverpool,Stoke,4,1,H,2,1,H,20,6,6,2,9,6,8,2,0,1,0,0,20.97,19.84,1.33,1,3,37,17,20,41,20,11,2,4,17,7,15,21,6,5,0,2,17,7,15,21,6,5,0,2,13,21,17,-5,19,24,5,10,6,9,8,-1,8,11,2,3,3,9,8,-1,8,11,2,3,3,2,30,18,6,18,12,8,2,6,12,8,-2,8,6,3,2,3,12,8,-2,8,6,3,2,3,18,18,14,-1,6,7,4,2,6,10,8,-1,3,4,2,2,4,10,8,-1,3,4,2,2,4,10,3.0666666666666664
2016-12-27,Liverpool,Stoke,4,1,H,2,1,H,20,6,6,2,9,6,8,2,0,1,0,0,20.97,19.84,1.33,1,3,37,17,20,41,20,11,2,4,17,7,15,21,6,5,0,2,17,7,15,21,6,5,0,2,13,21,17,-5,19,24,5,10,6,9,8,-1,8,11,2,3,3,9,8,-1,8,11,2,3,3,2,30,18,6,18,12,8,2,6,12,8,-2,8,6,3,2,3,12,8,-2,8,6,3,2,3,18,18,14,-1,6,7,4,2,6,10,8,-1,3,4,2,2,4,10,8,-1,3,4,2,2,4,16,4.8999999999999995
2016-12-28,Southampton,Tottenham,1,4,A,1,1,D,9,17,2,5,7,16,2,10,1,4,1,0,20.12,20.79,-0.47,1,8,24,17,-1,17,16,6,5,6,15,8,2,8,5,4,1,3,15,8,2,8,5,4,1,3,5,33,17,16,29,12,9,2,6,10,8,4,10,7,2,2,4,10,8,4,10,7,2,2,4,18,19,14,-1,9,8,4,2,7,6,5,-1,4,3,1,1,3,6,5,-1,4,3,1,1,3,13,20,17,6,13,13,4,3,8,9,8,1,4,4,2,3,3,9,8,1,4,4,2,3,3,14,3.8166666666666664
2016-12-28,Southampton,Tottenham,1,4,A,1,1,D,9,17,2,5,7,16,2,10,1,4,1,0,20.12,20.79,-0.47,1,8,24,17,-1,17,16,6,5,6,15,8,2,8,5,4,1,3,15,8,2,8,5,4,1,3,5,33,17,16,29,12,9,2,6,10,8,4,10,7,2,2,4,10,8,4,10,7,2,2,4,18,19,14,-1,9,8,4,2,7,6,5,-1,4,3,1,1,3,6,5,-1,4,3,1,1,3,13,20,17,6,13,13,4,3,8,9,8,1,4,4,2,3,3,9,8,1,4,4,2,3,3,12,5.05
2016-12-30,Hull,Everton,2,2,D,1,1,D,13,20,4,7,10,13,5,5,2,2,0,0,18.73,20.11,-1.18,0,20,12,18,-22,14,39,3,15,3,8,9,-6,9,18,2,5,2,8,9,-6,9,18,2,5,2,7,26,18,0,23,21,7,6,5,10,9,-5,11,14,3,5,1,10,9,-5,11,14,3,5,1,11,22,17,3,14,11,5,4,7,17,8,7,13,3,5,1,2,17,8,7,13,3,5,1,2,9,24,23,-5,11,16,5,4,9,5,9,-6,2,8,0,4,5,5,9,-6,2,8,0,4,5,2,2.566666666666667
2016-12-30,Hull,Everton,2,2,D,1,1,D,13,20,4,7,10,13,5,5,2,2,0,0,18.73,20.11,-1.18,0,20,12,18,-22,14,39,3,15,3,8,9,-6,9,18,2,5,2,8,9,-6,9,18,2,5,2,7,26,18,0,23,21,7,6,5,10,9,-5,11,14,3,5,1,10,9,-5,11,14,3,5,1,11,22,17,3,14,11,5,4,7,17,8,7,13,3,5,1,2,17,8,7,13,3,5,1,2,9,24,23,-5,11,16,5,4,9,5,9,-6,2,8,0,4,5,5,9,-6,2,8,0,4,5,9,3.0500000000000003
2016-12-31,Leicester,West Ham,1,0,H,1,0,H,12,25,4,5,11,8,7,7,5,3,0,0,19.59,19.82,-0.03,0,16,17,18,-6,23,31,4,9,5,15,9,7,15,10,4,2,3,15,9,7,15,10,4,2,3,11,22,18,-12,23,32,6,9,4,8,9,-7,14,18,2,5,2,8,9,-7,14,18,2,5,2,6,26,32,-15,12,29,5,8,11,25,23,3,10,14,5,8,10,25,23,3,10,14,5,8,10,3,29,16,1,10,8,8,2,5,15,9,-2,6,7,4,2,3,15,9,-2,6,7,4,2,3,6,2.85
2016-12-31,Leicester,West Ham,1,0,H,1,0,H,12,25,4,5,11,8,7,7,5,3,0,0,19.59,19.82,-0.03,0,16,17,18,-6,23,31,4,9,5,15,9,7,15,10,4,2,3,15,9,7,15,10,4,2,3,11,22,18,-12,23,32,6,9,4,8,9,-7,14,18,2,5,2,8,9,-7,14,18,2,5,2,6,26,32,-15,12,29,5,8,11,25,23,3,10,14,5,8,10,25,23,3,10,14,5,8,10,3,29,16,1,10,8,8,2,5,15,9,-2,6,7,4,2,3,15,9,-2,6,7,4,2,3,15,3.3666666666666667
2016-12-31,Liverpool,Man City,1,0,H,1,0,H,5,9,1,2,12,12,4,6,2,1,0,0,21.14,20.77,0.57,1,2,40,18,21,45,21,12,2,4,20,8,15,25,7,6,0,2,20,8,15,25,7,6,0,2,3,39,18,16,39,20,12,3,3,21,9,8,22,11,7,2,0,21,9,8,22,11,7,2,0,2,30,18,6,18,12,8,2,6,12,8,-2,8,6,3,2,3,12,8,-2,8,6,3,2,3,17,19,11,2,11,9,5,2,4,15,9,1,9,8,4,2,3,15,9,1,9,8,4,2,3,17,5.116666666666666
2016-12-31,Swansea,Bournemouth,0,3,A,0,2,A,14,11,5,6,14,9,4,3,2,0,0,0,18.83,19.61,-0.57,1,20,12,18,-17,21,41,3,16,3,8,9,-3,14,20,2,5,2,8,9,-3,14,20,2,5,2,12,21,18,-5,23,31,6,14,3,5,9,-9,7,19,1,6,2,5,9,-9,7,19,1,6,2,15,19,14,4,12,10,5,4,4,12,5,0,9,2,4,1,0,12,5,0,9,2,4,1,0,19,19,15,-1,9,11,5,4,4,11,9,-1,5,7,3,4,2,11,9,-1,5,7,3,4,2,6,3.1666666666666674
2016-12-31,Chelsea,Stoke,4,2,H,1,0,H,18,5,7,2,12,10,8,3,3,2,0,0,21.46,19.67,1.98,1,1,46,18,24,38,11,15,2,1,24,9,17,24,4,8,1,0,24,9,17,24,4,8,1,0,13,21,18,-5,20,28,5,11,6,9,9,-3,9,15,2,4,3,9,9,-3,9,15,2,4,3,8,25,16,0,8,7,6,2,7,8,7,0,3,3,1,1,5,8,7,0,3,3,1,1,5,16,19,16,3,8,10,4,3,7,10,9,-1,4,6,2,3,4,10,9,-1,4,6,2,3,4,10,2.8499999999999996
2016-12-31,Chelsea,Stoke,4,2,H,1,0,H,18,5,7,2,12,10,8,3,3,2,0,0,21.46,19.67,1.98,1,1,46,18,24,38,11,15,2,1,24,9,17,24,4,8,1,0,24,9,17,24,4,8,1,0,13,21,18,-5,20,28,5,11,6,9,9,-3,9,15,2,4,3,9,9,-3,9,15,2,4,3,8,25,16,0,8,7,6,2,7,8,7,0,3,3,1,1,5,8,7,0,3,3,1,1,5,16,19,16,3,8,10,4,3,7,10,9,-1,4,6,2,3,4,10,9,-1,4,6,2,3,4,24,3.85
2016-12-31,Southampton,West Brom,1,2,A,1,1,D,10,7,1,3,13,17,8,3,1,3,1,0,19.87,20.09,-0.03,1,8,24,18,1,18,20,6,6,6,15,9,3,9,9,4,2,3,15,9,3,9,9,4,2,3,9,23,18,2,23,22,6,7,5,9,9,-1,7,9,2,4,3,9,9,-1,7,9,2,4,3,20,32,19,10,13,8,8,2,8,19,10,6,8,3,5,1,4,19,10,6,8,3,5,1,4,7,25,17,5,10,5,5,1,10,12,9,0,2,2,2,1,6,12,9,0,2,2,2,1,6,13,4.033333333333334
2016-12-31,Burnley,Sunderland,4,1,H,1,0,H,16,11,6,3,10,8,6,2,1,1,0,0,19.61,19.38,0.42,1,14,20,18,-12,17,28,6,11,2,19,10,4,15,10,6,3,1,19,10,4,15,10,6,3,1,18,14,18,-13,16,31,4,36,2,4,9,-9,5,16,1,7,1,4,9,-9,5,16,1,7,1,4,28,20,2,13,11,7,5,7,25,12,3,12,1,7,1,4,25,12,3,12,1,7,1,4,5,27,27,-8,7,12,4,3,15,6,9,-3,1,5,0,3,6,6,9,-3,1,5,0,3,6,6,2.55
